"laoguoyin:yapin","chars","freq_chars"
"a1","啊嗄阿","阿啊"
"ai1","哀唉挨哎唲埃欸㶼噯","噯哀挨埃唉哎"
"ai3","乃毐矮","矮"
"ai4","喝嗌嗄噫壒㤅愛曖𣋞濭𥴨薆藹隘靄僾忦","愛藹靄"
"an1","啽㛺媕安庵𤟟痷盦菴諳鞌鵪䳺鞍","安鞍庵鵪諳"
"an3","唵晻揞腤黯黫黬𪒠俺","俺唵"
"an4","俺匼按暗案桉洝𧫧諳","按案暗諳"
"ang1","咉骯","骯"
"au1","𤏶爊鏖䥝凹坳","凹坳"
"au3","夭媪芺蝹燠襖","襖"
"au4","奧懊墺澳䜒隩拗","奧澳懊拗"
"ba1","𡴳吧巴疤筢羓芭蚆豝鈀舥葩杷","巴杷疤"
"ba4","爸叭壩弝把欛灞𥝧罷霸靶","爸把靶罷霸壩"
"ba5","八坺拔妭扒捌朳㭭犮胈茇荅鈸颰馛魃叭","八叭拔捌"
"bai1","掰擘","擘"
"bai3","啡㤳捭擺襬","擺"
"bai4","敗偝唄㠔拜𢷎猈稗粺菩矲","拜敗"
"ban1","搬斑斒班𤳗癍䈲朌螌頒鳻般瘢","班斑般搬瘢"
"ban3","坂阪昄板版粄蝂鈑鋬䬳","板版坂"
"ban4","半扮瓣絆辦伴拌","半伴拌辦瓣扮"
"bang1","垹幫搒彭梆邦鎊䩷帮","邦梆帮幫"
"bang3","𢗒榜磅綁鎊謗髈","磅榜鎊謗髈綁"
"bang4","棒棓䎧甏蚌謗傍","棒蚌傍謗"
"bau1","刨勹包枹狍笣胞苞褒襃麅","包胞"
"bau3","保㙅堡寶緥䎂葆褓飽𩢈鴇宝","保堡飽寶宝"
"bau4","暴儤報𢖔骲抱瀑煲爆爮犥菢虣豹趵鮑䶌雹","抱鮑雹報暴爆豹"
"be5","兡北帛柏伯檗㼣瓸白百竡粨糪胉舶鉑欂䌟苩鮊僰迫","北白百伯柏迫帛"
"bêi1","卑悲杯桮痺碑褙","杯卑碑悲"
"bêi4","垻伂備㔨北奰悖倍憊梖𣖾𤅹焙㷶犕狽㿙𤰈蓓被貝輩鋇𩇯鞴韛䰽背婢","背倍被貝狽輩備悖婢"
"ben1","奔犇賁","奔"
"ben3","㡷本畚𤲙苯","本"
"ben4","体笨","笨"
"beng1","浜伻傍嗙崩祊繃䑫","崩繃"
"beng4","𠊧堋䗒螷迸𩹁","迸"
"bi3","俾比沘佊匕啚埤妣㠲彼𢔌㪏朼柀疪䃾秕粃貏鄙婢","比彼鄙婢"
"bi4","㘩枇梐祕坒嬖斃庇弊彆敝毖㵨狴獘獙畀痹痺𤹝䀣鼻婢秘柲泌𦌠臂芘𦸣蜌襣䠋避閟陛鞁䪐髲閉幣蔽","閉秘避敝弊幣斃蔽臂陛婢"
"bi5","閉佛彃咇擘佖偪楅㓖吡堛壁幅幣弼必怭愎㧙擗㮿𣝍湢滭熚珌𨌥璧甓畢碧笔筆篳𥻅縪罼腷苾荸蓽襞覕觱𧫤踾躃躄逼𨚍鉍韠饆駜鮅鴔鷝鼊辟鼻","筆必壁璧擘辟畢逼碧愎弼鼻"
"biau1","標儦幖摽彪杓瀌熛猋穮臕贆鑣飆麃","標彪"
"biau3","婊㟽表褾諘","表"
"biê5","別㢼憋㧙癟㿜瞥苾莂虌蟞䘷襒𧧸蹩馝䳤鼈","別鼈"
"biên1","猵稨箯籩緶蝙邊鞭鯿鯾攽扁編","扁邊編蝙鞭"
"biên3","扁匾惼䁵碥褊貶辡鴘","扁匾"
"biên4","便卞弁徧忭抃汴炞㺹艑㝸變䡢辮遍釆閞变辨辯","变變便卞徧遍辨辮辯"
"bin1","彬虨斌玢檳汃濱獱繽䎙豳賓邠鑌霦驞𩰝","賓濱檳彬斌"
"bin4","擯殯臏鬢儐","鬢殯"
"bing1","兵冫冰掤摒氷絣栟屏并幷","冰氷兵屏并幷"
"bing3","丙怲偋庰抦炳眪秉窉蛃鉼陃餅𩶁倂并幷","并幷餅丙秉"
"bing4","並并併寎屏柄病竝鮩幷","并幷屏併並病柄"
"bo1","嶓波潘玻番碆菠播","波玻播"
"bo3","㝿跛播","跛播"
"bo4","播譒簸","播簸"
"bo5","亳仢鑮剝勃博搏嚗𡋯墢帗撥㪍桲樸雹泊欂浡渤㶿爆𤝡瓝癶礴䄸䄶箔簙簿脖薄䙏襏謈趵鉢鋍鎛餑餺馞駁駮髆鱍鵓彴㩧懪犦䂍𦢊豰蔔瀑","撥薄搏博駁剝脖渤勃餑泊蔔雹瀑"
"bu3","補鞴","補"
"bu4","佈抪哺埠布怖捕步㳍𥑢簿䑰荹𧦞𩣝部","布佈怖步部簿捕哺埠"
"bu5","不卜𡡐䪁樸㯷濮獛纀襆蹼𨮓鳪","不卜"
"c1","差嵯玼𪙉縒胔茈薋䛋趑雌疵","雌差疵"
"c2","㘂慈濨瓷磁祠柌茨茲薺𧓉詞辤辭疵𩆂餈鶿","詞慈瓷磁辭祠"
"c3","佌泚㠿此鴜疵","此疵"
"c4","佽刺㓨庛廁朿次絘莿蛓𧊒𧧒䯸䰍䳐伺賜","次刺伺賜廁"
"ca5","攃䌨擦","擦"
"cai1","猜偲","猜"
"cai2","裁才材纔財","才財材裁纔"
"cai3","采棌寀彩採綵跴䰂䌽","彩採采䌽"
"cai4","縩䌨䐆菜蔡","蔡菜"
"can1","參傪餐驂","餐參"
"can2","㥇慙殘蚕蠶慚","殘蠶慚"
"can3","慘朁憯黲","慘"
"can4","戔燦璨粲謲","燦"
"cang1","倉傖滄艙鶬蒼","倉艙蒼滄"
"cang4","凔愴","愴"
"cau1","操造","造操"
"cau2","嘈嶆漕曹槽艚螬","曹槽"
"cau3","慅懆愺艸草騲","草"
"cau4","慥糙造鄵操","操糙"
"ce5","册冊廁惻測畟策墄","冊册測惻策"
"ceng2","層嶒曾竲","曾層"
"ceu4","楱湊腠蔟䞭輳凑","凑湊"
"ch1","嗤媸彲摛曬瓻癡眵笞絺杘胵蚩螭貾魑鴟齝痴","癡痴"
"ch2","㓾坻墀持池治滁篪簃耛菭䓜蚳蛇𧎨謻趍跢踟遲馳","池馳遲持治"
"ch3","哆侈㓼姼㢋恥恀搋𡳭㶴䊼胣䏧袳誃鉹齒耻","齒耻恥侈"
"ch4","佁傺啻泜痸瘛眙翅翨觢䰡懘豸","翅"
"ch5","侙掣敕勑卙叱尺彳抶斥沏淔湁濕蚸䜉赤趩跅跮䤲飭鶒鷘吃喫","尺吃喫赤斥飭"
"cha1","叉杈扠差喳差㤞搽𤶠𥥸𦉆䐤","叉差"
"cha2","垞塗㡸㢉㢒查楂苴茶荼槎搽","茶搽查"
"cha4","奼䖳岔搾汊侘衩詫䛽","詫岔䛽"
"cha5","偞剎插喢察扱摖檫疀𦑣䕓詧䶪䛽擦","插䛽察擦剎"
"chai1","差釵麡","差釵"
"chai2","儕喍柴祡豺齜","柴豺儕"
"chan1","幨惉梴欃𤎥𥰨緂脠虦鉆饞攙","攙"
"chan2","廛巉攙毚潺孱儳劖瀍烻獑磛纔𧔊誗躔酁燀纏饞蟬","纏饞纔蟬"
"chan3","丳嘽僤𠐩剗剷囅嵼幝嶘㯆滻灛產簅𦅗蕆諂譂讇䤘闡鏟懺","產鏟剷懺"
"chan4","嚵嵁懺硟讖韂瀺嶄嶃僝鑱","懺"
"chang1","倀倡昌猖菖𦳝䗅閶鯧鼚娼","昌倡娼"
"chang2","常嫦償嘗徜場腸萇長鱨塲","常嘗嫦償腸場塲長"
"chang3","廠昶𢠵敞氅鋹𪁺場塲","敞廠場塲"
"chang4","唱悵暢淌漴畼韔瑒鬯倡","唱倡暢悵"
"chau1","鈔嘲怊弨抄超䫸䰫","鈔抄超嘲"
"chau2","𡏮巢漅𡻝朝樔潮祒䜈轈鄛䲀鼂晁","朝潮巢"
"chau3","吵炒煼謅麨𪍑","吵炒"
"chau4","耖朓趠踔㑿鈔","鈔"
"chê1","硨車","車"
"chê3","扯䞣","扯"
"che5","坼拆斥撤","斥拆撤"
"chê5","㙷㒤呫㚲徹㤴撤㯙澈𦔮𦯍𧏰詀謵輒轍鮿","撤"
"chen1","參岑嵾棽琛嗔瞋𥤇綝䐜䑣郴","參"
"chen2","塵宸嶜沈忱煁愖湛捵攙晨梣橬沉涔瘎臣莐諶辰陳𩂢霃𩻛麎岑","岑晨沉臣辰陳塵"
"chen4","疢儭櫬襯趁闖齓","櫬襯趁"
"cheng1","稱凈堘掙掁撐棦槍橕檉琤竀赬䟓䟫鎗頳偁撑蟶","稱撐撑蟶"
"cheng2","承憕橙呈成誠城筬盛丞乘澄宬徵懲朾棖浾溗澂珹珵睖程䆵脭蟶郕酲","成城誠盛乘丞承呈程橙澄"
"cheng3","庱悜𢟊𢜻浧逞騁","逞"
"cheng4","牚鋥秤覴遉㵾乘稱","乘稱秤"
"cheu1","妯惆抽搊犨篘𥻤啁","抽惆"
"cheu2","懤儔愁檮𣫐㵞疇瘳稠籌紬裯詶讎酬醻躊𨞪雔𩯦魗鯈䲖𪇘綢仇讐惆","愁籌躊綢酬仇讎讐惆"
"cheu3","杻瞅𥣙醜𩋄丑","丑醜瞅"
"cheu4","畜殠丑簉臭䔏","臭"
"cho5","戳婼綽䞣","戳"
"chong1","傭充冲𠟍忡㤝憧摏沖浺珫䂌舂憃茺𧐍䘪𧝎蹖𪄻衝","冲沖忡充舂衝"
"chong2","崇漴漎盅种翀蝩蟲爞蹱重","蟲崇重"
"chong3","寵𨿿衝","寵衝"
"chong4","銃揰","銃"
"chu1","初芻藸貙趎","初"
"chu2","儲媰屠廚涂䅳篨綢蒭蒢裯躕鋤雛齣除櫥躇","除廚櫥躇雛鋤"
"chu3","處岨杵楮楚濋礎𪓐齼処褚","楚礎處処杵褚"
"chu4","絮菆𨳳處処","處処"
"chu5","亍俶磩擉傗出怵梀歜滀琡畜㾁絀臅荲𧚖觸諔䟣𪘏鄐𨞕閦黜齣","出畜觸齣"
"chuai1","搋榱揣","揣"
"chuan1","巛川穿","川穿"
"chuan2","傳篅圌椽船","船椽傳"
"chuan3","喘腞舛荈𦺲𧍒","喘舛"
"chuan4","串踹僢𣀔篡諯釧","串"
"chuang1","牕摐瘡窗鬃創","窗瘡創"
"chuang2","幢淙床橦牀疒","床牀"
"chuang3","𠏨𠞮搶㼽磢闖","闖"
"chuang4","愴創剏憧𥈄撞","創撞"
"chuêi1","推吹炊","吹炊"
"chuêi2","垂陲倕鎚槌錘","槌鎚垂錘"
"chuen1","春杶椿焞輴鶞","春椿"
"chuen2","唇淳漘純脣醇錞鶉","脣唇純鶉"
"chuen3","偆惷睶𦚧蠢踳","蠢"
"chuo5","㚟婥㪬晫歠㲋浞𤿫躇辵𪗨齪","齪"
"ci1","妻凄悽淒霋萋棲","妻悽淒凄萋棲"
"ci2","臍蠐麡齊𪗏","齊臍"
"ci4","切砌","砌"
"ci5","刺咠𢜱慽戚柒桼漆潗磧磩緝諿赤䣛鏚鼜七","七柒漆戚"
"ciang1","將嶈斨槍爿瑲蹌鎗鏘鶬","槍鎗"
"ciang2","嬙廧戕檣牆薔蘠墻","墻牆"
"ciau2","憔樵潐譙𨝱瞧","瞧樵憔"
"ciau3","釥悄愀","悄"
"ciau4","俏峭㴥誚趭陗","俏誚"
"ciê5","切妾沏淁竊𧫕踥鯜","切妾竊"
"ciên1","仟僉兛千𡤷㡨扦櫏瓩竏簽籤粁芊谸遷𨝍阡韆籖","千遷韆僉簽籖"
"ciên2","灊前媊潛錢潜","前錢潜潛"
"ciên3","憸淺","淺"
"cieu1","楸楢秋篍萩蟗鞦鞧鰌鱃鶖𪓰","秋鞦"
"cieu2","崷蝤遒酋囚","囚酋"
"cin1","親侵梫祲駸","親侵"
"cin2","𤚩秦螓","秦"
"cin3","寝㾛寢","寢"
"cin4","沁親","親沁"
"cing1","青清圊淸靑鶄","青清"
"cing2","情晴䝼","情晴"
"cing3","靘請","請"
"cio5","㹱碏踖雀鵲","雀鵲"
"co1","差搓䣜瑳","搓"
"co5","𡍫娖溭矠簎粣茦䜺錯剒厝昔縒䱜","錯"
"cong1","囱𢊕怱悤璁緫聰葱蔥䕺蟌䡯驄匆從","匆怱葱蔥聰從"
"cong2","潀從从𢐔樅瑽瞛𥵫𪖁叢","從从叢"
"cu1","怚觕麤粗","粗麤"
"cü1","趨騶鯫蛆","趨蛆"
"cü3","且取娶","取娶"
"cu4","措醋錯","醋措"
"cü4","趣蜡","趣"
"cu5","促卒崒噈慼捽槭猝瘯䃗䃚簇縬蔟趗踧蹙蹴蹵鏃鑡","促"
"cüan1","悛佺痊竣詮荃銓駩","痊詮"
"cüan2","全恮泉牷筌純絟輇鐉","全泉"
"cuan4","竄鑹爨篡","竄篡"
"cuêi1","崔催摧漼衰𨻵","崔催衰"
"cuêi4","濢毳倅啐㝮悴淬焠瘁睟䄟粹綷縗翠脃臎橇膬萃顇賥","瘁翠粹悴啐"
"cuen1","村皴邨","村皴"
"cuen2","存踆𨚲𩀨","存"
"cuen3","刌忖","忖"
"cuo4","侳剉挫莝蓌","挫"
"da5","匒噠妲怛搭䐛榙炟笪答薘褡達韃䵣","搭答達"
"dai3","歹隶","歹"
"dai4","代埭岱帶𢄔廗待怠戴曃㯂殆㶔玳瑇㿃紿蔕𧊇袋襶詒貸蹛迨逮酨黛大","代袋貸戴黛帶待殆怠大玳"
"dan1","甔擔丹佔儋勯匰單担殫湛簞耽聸襌躭鄲酖","單躭耽丹擔"
"dan3","亶抌旦疸紞胆黕膽髧黵担","担胆膽"
"dan4","但狚憺澹僤憚啗啖淡噉彈𢠸澶笪萏蛋蜑蟺誕鉭霮鴠旦担擔","旦但担蛋誕淡彈憚擔"
"dang1","當璫簹艡蟷襠噹檔","當檔襠"
"dang3","党攩欓灙䣊黨愓擋","黨擋"
"dang4","當宕崵擋檔潒璗瓽盪𥯕簜蕩𦿆","當擋宕蕩盪"
"dau1","刀忉舠裯魛","刀"
"dau3","島倒㠀擣搗禱","倒島搗擣禱"
"dau4","到導悼盜稻纛菿蹈道倒盗","到倒道導蹈盜盗悼稻"
"de5","得德悳淂","德得"
"deng1","戥㲪燈登簦豋䳾","登燈"
"deng3","䔲等戥","等戥"
"deng4","凳墱僜嶝𣩟澄磴𨄇蹬鄧鐙隥瞪","凳瞪鄧澄"
"deu1","兜吺篼","兜"
"deu3","抖斗枓蚪陡","斗抖陡"
"deu4","浢瀆痘竇脰荳䛠讀豆𧱓逗郖餖鬥鬭","豆荳痘竇鬥鬭讀"
"di1","氐隄低彽磾羝鞮","低"
"di3","堤底弤柢抵牴疷菧觝軧邸阺","底抵"
"di4","娣地帝弟揥杕棣㼵碲禘第蒂蔕蝃螮摕諦䠠髢鷤𪖣遞","地弟第帝遞棣"
"di5","啇嚁嫡弔敵樀滌滴狄玓甋的笛篴糴𦉹翟苖荻菂踧蹢迪適䢮鍉鏑靮頔馰","的笛敵滴嫡狄滌"
"diau1","凋刁叼彫敦琱碉𥮐𦨣蛁貂雕鯛𩾗鵰鼦","刁叼凋雕貂"
"diau4","吊弔掉鵃蓧藋調釣銚","吊弔釣調掉"
"diê5","凸叠咥喋垤堞墆嵽惵昳疊柣㲲泆泜渫牃牒瓞碟窒絰耊耋聑胅艓苵荎蜨蝶螲褋褶諜跌跕蹀軼迭镻䳀䴑㩹","跌迭碟蝶牒疊叠㩹"
"diên1","傎𠑘巔掂敁槇滇癲𦕒詀蹎顚𩥄齻顛","顛巔癲"
"diên3","典奠点琠碘蒧蕇點玷","點玷典"
"diên4","墊店痁殿扂𣵦淀澱甸電靛佃惦奠","電墊店惦殿甸奠靛"
"ding1","釘奵丁仃叮玎疔","丁叮仃釘"
"ding3","打濎薡酊頂鼎","頂鼎"
"ding4","定矴碇腚錠靪顁飣訂釘靛","訂釘定靛錠"
"do1","多跢","多"
"do4","舵柁","柁舵"
"do5","度鐸踱","度"
"dong1","冬東苳涷鼕","東冬鼕"
"dong3","懂𢤦䂢箽董蕫","董懂"
"dong4","働動洞挏恫凍湩棟硐迵駉","洞動凍棟"
"du1","嘟都","都"
"du3","堵帾暏陼楮䀾睹肚覩賭","堵賭睹覩肚"
"du4","奼妒妬度杜渡稌芏荰蠹鍍肚","渡度鍍杜肚妒妬蠹"
"du5","匵噣嬻斁柮櫝殰毒瀆牘犢獨瓄督碡竺篤蝳裻襡讀讟豰贕鑟韇髑𪇆黷","讀毒獨督篤"
"duan1","剬堆端耑褍𧤗","端"
"duan4","斷椴煅段毈碫籪緞腶躖鍛","斷段緞"
"duêi1","搥磓追鎚䭔敦堆","堆"
"duêi4","兌娧憝對𡭊㟋奪㠚懟㬣濧瀢碓祋䇏薱銳䨴𩊭駾隊","對兌隊"
"duen1","敦墩惇弴䀫驐蹲","敦墩蹲"
"duen3","躉盾","躉"
"duen3","躉盾","盾"
"duen4","噸忳燉盾盹鈍頓遁","鈍頓盾遁"
"duo3","垛埵崜捶揣朵朶𥠄躱躲","朵朶躲"
"duo4","刴墮嶞惰桗𥳔䤻䲊剁跺","惰墮剁跺"
"duo5","掇咄剟凙剫奪敓敪毲澤脫莌裰鮵","奪"
"e5","厄呃啞戹扼㧖搹軛軶阨阸餩搤","厄呃扼"
"eu1","歐剾區嘔櫙甌謳䳼鷗","歐鷗區"
"eu3","𠙶毆塸敺嘔","嘔毆"
"fa5","乏伐垡栰法泛灋瞂珐琺疺發砝筏罰䑔藅閥髮髪","法伐筏發髪髮罰乏"
"fan1","藩凡墦幡𢬵旛橎𤃃燔犿璠番籓繙羳翻膰䒦蹯轓鐇䪤飜鱕旙帆","番翻繙旙帆"
"fan2","帆柉樊渢煩䀀礬繁蕃薠蘩蠜袢凡凢藩","凡凢煩繁藩帆樊礬"
"fan3","反㽹𪱠䡊返釩","反返"
"fan4","嬎梵汳泛氾汎犯畈笵範范𧍙販軓軬飯帆","飯販犯范範梵泛帆"
"fang1","匚坊方淓祊肪芳蚄鈁妨","方妨坊肪芳"
"fang2","房旊枋汸魴防肪坊","防肪房坊"
"fang3","仿倣彷昉瓬眆紡髣䲱訪","仿訪倣紡彷髣"
"fang4","妨放舫訪","放訪"
"fêi1","啡奜妃婓扉靟緋裶非飛馡騑騛霏","飛非扉霏妃"
"fêi2","厞淝肥痱腓萉𩇯","肥"
"fêi3","匪悱斐朏棐榧篚䨽翡吠","匪翡吠"
"fêi4","俷剕吠屝杮廢怫昲櫠沸㩌㵒炥狒疿癈𥄱䆏䉬翡肺𧕿䠊䤵陫霏靅𪎰鼥費","費沸廢翡吠肺"
"fen1","分兝吩帉枌棻𣬩𣯻氛瓰砏竕紛𦐈芬衯雰饙鳻墳","分吩墳紛芬"
"fen2","墳濆妢弅幩棼汾焚羒蕡蚡豶賁頒黂鼖","焚"
"fen3","扮粉","粉"
"fen4","坋忿僨奮憤拚瀵𤘝㿎糞餴分","奮分忿憤糞"
"feu2","浮烰粰蜉棓涪琈䱐罘","浮罘"
"feu3","否缶阜","否阜"
"fo5","缚𩅿𩌏縛","縛"
"fong1","丰夆妦峯崶楓灃烽㷭封犎瘋蜂豐酆鋒風𢓱飌諷峰","風楓諷瘋丰夆峰峯烽鋒蜂豐封"
"fong2","縫渢蠭逢馮","逢縫馮"
"fong4","縫諷唪俸奉賵鳳","奉俸諷鳳"
"fu1","夫俘痡孚桴孵尃怤懯敷泭柎玞砆䄮紨膚莩衃趺邞郛鄜鈇𩵩鳺𩿧麩","夫膚敷俘孚"
"fu2","苻扶枎𣿆稃符罘芙蚨袱颫鳧枹夫浮俘","扶芙夫符浮俘"
"fu3","拊俌俛俯偩嘸府弣捬撫斧甫㾈秿脯腑莆蚥𧉊䘀釜頫鬴黼腐","府俯腑腐甫斧撫"
"fu4","付副傅㕮咐坿祔婦富滏父䍸腐仆𦺉蚹蝜訃詂負賦賻赴軵輔阜附䩉駙𩬙鮒","父婦負付副傅富賦赴訃咐附駙腐輔"
"fu5","復垘佛覆伏偪匐冹刜咈坲复岪幅弗彿怫拂服柫栿沸洑澓祓福笰箙䈏𥳇紱紼綍翇腹芾茯葍蕧虙𧌘蝠蝮袚複䟮踣踾𨌥輹𨚓𩍩韍𩖼馥鵩鶝黻髴","福蝠幅弗佛彿拂髴伏復腹馥覆複服"
"gai1","侅剴垓峐晐痎祴絯該賅陔","該"
"gai3","改㱼","改"
"gai4","丐匄摡戤扢槩概瓂䐴蓋鈣𪙏溉盖","蓋盖丐概溉"
"gan1","乾尷干忓𢧀杆柑桿泔玕甘疳竿肝苷虷迀䧲淦","干杆桿竿肝甘柑乾"
"gan3","感擀敢橄澉𥕵䃭秆稈簳赶趕骭鱤灨","敢橄趕感"
"gan4","幹旰榦矸竷紺詌贛𪉦","幹贛"
"gang1","亢㽘剛堈岡掆崗扛杠犅㼚矼笐綱缸罡肛肮苀𦱌邟釭阬魧鋼","岡鋼綱剛肛缸"
"gang3","𢞡港犺䴚","港"
"gang4","槓虹肛","虹肛"
"gau1","咎橰獋皋睾篙糕羔臯䓘䔌餻高鼛櫜膏","高篙膏羔餻糕"
"gau3","搞夰暠杲𣓌槀槁皓稾藁稿","稿皓"
"gau4","告誥鋯","告"
"ge5","嗝格挌𢯹搿槅滆疙肐膈虼裓隔革鬲鉻胳骼","格胳骼隔膈革"
"geng1","更粳庚浭秔羹耕賡鶊","庚賡更羹耕"
"geng3","哽埂𡩃挭梗炅綆耿郠骾鯁","梗耿"
"geng4","更亘亙堩絚揯","更亘亙"
"geu1","句傋冓勾拘溝緱䑦褠鉤鞲𪓟鈎","勾鉤鈎溝"
"geu3","垢岣枸狗玽笱耉苟豿鮈茍","狗苟茍垢"
"geu4","姤媾夠彀㝅搆構瞉茩𧃛覯訽購遘雊垢","夠彀媾購構垢"
"go1","哥㢦戈擱歌菏滒牁䔅鴚","哥歌戈"
"go4","個箇个","個个箇"
"go5","割各合𢓜㧁㪉㵧猲葛蓋蛤蛒袼觡䛿趷𨜴鉿閣閤頜䫦鮯鮥𩹿鴿鵅咯擱","各咯蛤閣擱割葛鴿"
"gong1","供侊公玒㓚攻功宮工弓恭杠㴦肱蚣觥躬䢼龔","工攻功公蚣弓躬供龔恭宮觥"
"gong3","礦卝廾珙㤨拱拲栱䂬穬𦦧鞏䱋𪍿","拱"
"gong4","共㔶𣹟䇨羾貢贛供汞","共供貢汞"
"gu1","咕沽呱姑嫴孤柧橭泒箍箛䉉罛苽菰菇蛄觚軱辜𨬟鴣","姑沽菇辜孤箍"
"gu3","估古嘏牯𥂩瞽罟羖股蠱賈鈷鼓鼔","古估鼓賈股"
"gu4","凅固故棝痼稒錮雇顧鯝僱","故雇僱顧固"
"gu5","告愲榖梏榾汩淈滑瀔牿穀縎䓛蓇谷𧳸轂骨鵠","告骨谷穀"
"gua1","蝸㧓瓜胍","瓜"
"gua3","冎剮寡𣑍","寡"
"gua4","卦袿掛噲挂絓罣罫褂𧬮","挂卦掛褂"
"gua5","括姡佸刮劀活䀨秳筈聒䒷萿葀銛髺颳","括刮聒颳"
"guai1","乖㾩娃","乖娃"
"guai3","拐柺𦫳","拐"
"guai4","夬廥獪怪恠𢶒旝澮檜襘鄶","怪"
"guan1","觀冠倌𠴨官棺瘝綸莞關鰥","官棺關觀鰥冠"
"guan3","卝悹痯筦管琯脘舘輨錧館","管館舘"
"guan4","丱涫慣懽灌爟瓘矔祼罐貫鑵鱹鸛觀礶冠","貫慣灌觀礶罐冠"
"guang1","光桄侊洸珖胱茪銧𩧉黆","光胱"
"guang3","廣獷𠍧懭逛鄺","廣"
"guêi1","圭嫢嬀摫槻歸潙瑰皈硅窐茥𦿡規邽閨𨾚鮭龜傀","規歸圭閨龜瑰"
"guêi3","垝佹匭厬姽宄庪晷氿癸祪簋𦞙蛫蟡觤詭軌䣀䤥陒𩑔鬼","鬼軌癸詭晷"
"guêi4","劊劌匱幗憒撅昋桂橛櫃炅炔𤜂筀膾貴趹蹶𩌃鱠䳏跪瑰","貴櫃桂跪瑰劊"
"guen3","丨掍滚緄蓘衮輥錕𩩌鯀滾","滾"
"guo1","過堝渦瘑𨍋鍋𩰫","鍋"
"guo3","倮𠜴惈果猓菓蜾裹䴹","果菓裹"
"guo4","腂過","過"
"guo5","國埻崞幗摑椁㶁𥆘矌虢适郭馘","國郭"
"hai1","咍唉","唉"
"hai2","咳孩骸還","孩還"
"hai3","海醢","海"
"hai4","亥噧妎害㤥㱾𦤬𥩲駭","害亥駭"
"han2","含唅函圅寒𡪶崡㟏扞浛涵瀚珩甝蜬谽邗酣䤴韓馯","寒含韓函涵"
"han3","喊厂㯺熯㺖闞鬫罕","喊罕"
"han4","汗琀憾暵旱垾捍悍撼涆漢濫犴皔䓍菡蔊蜭䗣釬閈雗頜顄駻鳱鶾罕翰","漢汗罕旱悍翰憾"
"hang2","吭杭笐肮航沆桁苀行迒魧降","杭航行降"
"hang4","𦐄項","項"
"hau1","嚆找蒿薅𧯌","蒿"
"hau2","兞呺噑壕㠙毫濠竓粍蠔豪𨚙號","毫豪號"
"hau3","好薃","好"
"hau4","號号夰昊晧皥浩灝皓皜滈秏𧬁鎬顥好耗","號浩皓好耗"
"he5","黑𨭆𢅰閡匌嚇劾核掝紇覈赫麧嘿","黑嘿核赫嚇"
"hen2","拫痕","痕"
"hen3","狠很","很狠"
"hen4","很恨詪","恨"
"heng1","亨哼悙脝蘅","亨哼"
"heng2","姮恆桁橫衡蘅恒","橫恆恒衡"
"heu1","㗕齁餱","餱"
"heu2","侯喉猴瘊篌糇翭䗔䙈餱鯸","侯猴喉"
"heu3","吼㸸","吼"
"heu4","后厚後候堠怐𥅠鱟𪃶吼","後候后厚吼"
"ho1","呵訶","呵"
"ho2","和荷何河禾蚵鉌魺龢","何河荷禾和龢"
"ho4","𧬂賀荷","賀荷"
"ho5","涸𠗂合欱暍喝嗃郝熇壑嗑垎壑嵑廅愒㧁挌曷格𣣹𩌊毼皬盍盒矐蒚藃蝎螛蠚褐貉䚂轄䢔郃闔隺鞨頜鶡鶴齃","合盒闔盍鶴壑曷喝郝"
"hong1","𠐿𢝁揈渹䎕𥕗薨𦒃訇諻謍鍧魟烘轟哄","轟烘"
"hong2","虹泓字吰吽宏宖弘㢬𢘌揘洪浤渱瑝𥐪竑篊紅紘紭䍔𦏺翃耾苰葒訌𧮯谼鈜鉷鐄鞃䬝黌鴻","紅虹洪弘宏鴻"
"hong3","澋哄","哄"
"hong4","澒哄鬨汞","哄鬨汞"
"hu1","呼嘑幠滹虍虖軤魱","呼"
"hu2","乎瓠㗅壺弧湖狐猢瑚箶糊胡葫𧍵蝴衚醐餬鬍鶘鶦","壺乎胡湖糊鬍瑚葫衚蝴餬狐弧瓠"
"hu3","滸琥虎","虎琥滸"
"hu4","互冱婟嫭岵𡻮祜怙戶戽扈昈枑楛沍𣶉滬簄謼護擭濩鄠雇䨼韄頀鳸瓠","互戶滬瓠護"
"hu5","囫昒嗀嬳熇忽惚斛曶槲檴豰㳷淴瀫㿥笏縠芴螜䚛觳𣫈鑊䬍𩟓鵠鶮蠖彠","忽惚斛"
"hua1","花蕐","花"
"hua2","划崋摦蘹𧑍釫鋘驊鷨華","華"
"hua4","話倮樺化㕦䋀杹畫諣踝","化話畫"
"hua5","傄劃咶抇㧉搰滑猾磆縎螖頢豁","滑猾劃豁"
"huai2","槐懷㠢櫰淮瀤䃶褢","懷槐淮"
"huai4","壞𡾨懷絓蘾譮澅","壞"
"huan1","嚾懽歡䑏讙貛驩鸛","歡"
"huan2","𠟼圜寰擐峘桓澴環荁豩還鍰鐶闤𩘎𩙽鬟瓛","還環鐶桓"
"huan3","攌㬊綄鯇緩","緩"
"huan4","垸喚瘓奐宦幻患換槵浣渙漶澣煥獾甩皖睅睆緩莞豢逭","幻患宦喚換"
"huang1","巟㡆㡛㤺恍䀮𥡃肓衁慌荒","慌荒"
"huang2","喤偟凰崲徨惶湟煌璜潢櫎皇磺篁簧艎葟蟥趪遑𨜔隍餭騜鰉鱑黃蝗","黃簧磺皇凰煌惶蝗徨遑"
"huang3","幌怳慌𣆖榥皝䐠謊恍","恍謊"
"huêi1","倠噅墮幑徽鰴恢揮撝𪎮暉楎灰煇𤟤㺔翬詼豗輝隳䮝","灰恢詼揮煇暉輝徽"
"huêi2","回廻徊洄茴蚘蛕蛔囘","回囘徊茴"
"huêi3","卉毀毇檓烜𤈦燬䃣蘬虫䛼賄悔","毀悔賄"
"huêi4","喙潰孈噦彗槥篲穢濊會悔𠧩嘒婎嬇𡼾廆彙匯惠慧憓懀晦暳檜𣨶泋𣸎燹璯繢繪𦒎翽䔇蕙薈䕇蟪褘誨諱譓𧬨鏸靧頮顪餯䵋𪔊会滙卉","会會繪悔晦彗慧諱惠滙匯彙卉穢"
"huen1","婚㛰惛惽昆昏昬棔殙睧閽𨵽葷","昏婚惛閽葷"
"huen2","渾緄餛魂鼲琿","渾琿魂餛"
"huen3","眃混","混"
"huen4","倱圂溷婫慁混焜䛰諢鯶","混"
"huo3","火伙輠夥","火伙夥"
"huo5","剨㗲嚄嫿𢃤惑㦎或捇㩇攉藃泧活湱濊瀖獲畫癨眓䁨藿謋豁越䣶霍靃騞䰥","或活惑獲霍藿攉畫"
"i1","衣依伊凒噫咿咦㙠暆欹洢漪瑿䃜蛜郼銥䧇鷖黳撎她醫","她伊衣依醫噫"
"i2","侇𠗺台施匜宜沂䲑鸃圯夷姨宧峓彝𢓡怡恞扅柂枱栘桋椸洟狋𤝻瓵痍眙移簃胰荑䔟蛇蛦袲訑貽跠迤迻遺鉹䧅頤飴鮧疑儀","宜夷姨疑移遺儀怡"
"i3","以檥猗偯㕈𠯋崺㠖艤蟻螘顗齮倚已㥴扆矣肔苡苢衪裿𧩹踦迆陭旖椅","椅倚以蟻已矣"
"i4","曳廙㒾潩异医呭抴勩曀刈㣻劓㘈囈𣚘毅羛義羿藝襼詣誼議𧱏䰯食㙪寱意𢟇懿敡枍枻栺槸殔殪泄洩㵝異瘞瘱瞖稏肄蓺𦻜藙蘙袘袣裔豷𧳙跇鐿饐鮨𪆖鷾易倚","意異義議藝肄誼裔易倚毅"
"i5","一熤唈亄亦佚佾俋浥億檍𠓋呹嗌噎圛坄垼埸墿壹奕㚤射嶧帟弈弋乙易液艗鷁役疫悒憶懌抑㧒拽挹掖揖斁欥杙汩泆㴒溢澺瀷熠益睪𥜃繹繶翊翌翼肊腋膉臆芅䓃𧇽蜴䗷䘝襗謚譯軼逸邑醳醷釔鎰隿霅䫻驛䳀䴬黓仡屹疙𤴸弌","一弌乙億憶揖易蜴液益溢疫役拽邑抑亦奕弈逸佚壹弋譯驛腋翼"
"ia1","丫𠜲椏烏䃁錏鴉呀","丫呀鴉"
"ia2","崖涯牙呀㧎枒犽䍓芽齖衙","牙芽崖涯衙"
"ia3","啞厊庌雅疋疨亞","雅亞啞"
"ia4","亞婭砑訝迓閕氬襾","訝迓亞"
"ia5","䝟𡇼圔圠壓押揠浥碣䆘䝟𨂁軋輵䦪鴨","鴨押壓"
"iai2","厓啀睚","厓"
"iang1","央岟殃泱秧胦𧲱鴦","央泱秧殃鴦"
"iang2","崵佯徉愓㦹揚敭昜晹楊洋烊煬瑒瘍禓羊鍚陽鰑","羊洋佯禓陽揚楊"
"iang3","仰佒怏㔦痒懩癢詇駚養","養癢仰"
"iang4","坱恙樣漾㺊羕瀁","樣漾恙"
"iau1","要夭宎佻凹喓坳妖幺𢆷枖祅腰䙅訞邀䫜䳩么","凹坳夭妖幺么要腰邀"
"iau2","姚僥傜搖嗂垚堯媱嶢徭愮榣洮猺珧瑤窯繇䍃耀䔄褕謠軺遙銚陶颻鰩肴","搖遙窯謠堯姚肴"
"iau3","齩偠咬㝔𢂊杳溔狕䁏䁘窈舀芺騕䯚","咬杳窈"
"iau4","拗𠹑曜樂燿皛𤾫筄約芍袎覞趯靿要耀","要耀曜燿拗"
"iê2","揶擨斜爺琊𥭕耶䓉邪釾鋣椰","爺耶椰揶"
"iê3","也冶虵野","也野冶"
"iê4","夜射鵺","夜"
"iê5","𠉪偞厭擪咽噎嚈頁葉䌜業嶪嶫鄴䧨楪殗𣩫焆爗燁𤾼䊦蠮謁鍱閼靨饁曄𩸆","葉頁業咽"
"iên1","焉嫣咽𤝱崦淹殗殷湮烟煙猒珚䅧𦎣胭蔫䗡𧹬醃閼奄鹽","咽烟煙奄淹醃焉鹽"
"iên2","延檐沿涎狿炎言嚴巖㘖壧妍研岩嵒癌碞𡿕揅䇾䉷羬虤顏䫡𪙊麙塩䀽筵簷蜒郔閻䦲𪂈漹鹽巌焉","言鹽沿嚴岩巌顏炎延筵蜒研閻檐焉"
"iên3","灩匽弇揜嬿儼曮礹㜝嬐䲓嵃齴嶮顩㺂甗眼隒𩖆𪗙沇兗剡㕣埯奄戭扊掩㫃棪檿渰演𤟇琰縯䎦蔩𧍢䛇䣍酓錟隁鰋鶠鼴广㚧偃衍","眼演掩儼衍奄"
"iên4","焱燄宴𤜵堰埏厭唁這噞驗彥硯諺讞贗趼釅雁騐鬳鴈齞燕傿嚥𢜰懕晏烻焰爓𤬝䁙艷讌豔醼顑饜騴驠鳱鴳鷃曣衍","燕嚥雁鴈彥諺厭驗宴硯衍艷豔"
"ieu1","優呦泑喲嚘峳幽憂攸㱊滺瀀纋耰𧍘鄾麀悠","憂優幽攸悠"
"ieu2","㘥冘庮𠧴尤油猶怞悠抌斿楢櫾沋游猷由疣秞繇䍃肬莤蕕蚘蚰蝣訧遊郵鈾鮋鼬攸","由油尤猶郵游遊攸悠"
"ieu3","有卣友岰懮栯㰶牖羑莠誘酉槱䬀䳑","有友酉莠"
"ieu4","囿佑侑又右宥幼柚狖褎酭釉鴢誘","又幼右佑柚宥誘"
"in1","㶏殷慇因堙喑姻婣愔氤湮瘖䃌磤絪茵蒑裀諲銦闉陻霒鞇音駰歅陰","因姻茵音殷陰"
"in2","吟寅夤唫嚚圁垠泿齦珢銀峾沂釿𪛊䖐崟㹜狺䖜訢誾鄞䴦婬殥淫𦟘螾䤁霪鷣迎","銀寅吟淫迎"
"in3","㥯飲引听齗𪙤尹檼廴戭潭濦𤻘癮縯䌥𦾻蘟蚓讔𨏈隱","飲隱尹引蚓"
"in4","濥垽憖䭓㒚檃印廕𣍃窨胤蔭酳䫴鮣飲吟","飲蔭印吟"
"ing1","櫻瀴應嚶嬰攖柍煐瑛瓔甖纓罃罌膺英蘡𧕄譻霙韺鶯鷹鸚","應鷹嬰櫻纓鸚鶯英"
"ing2","熒嫈濙俓迎營䁝螢滎𠠜塋嬴㜲嵤楹瀛𤟣盈籯䕦蠅贏瑩","迎蠅盈贏嬴螢營"
"ing3","廮影巊梬㯋潁浧㹙癭穎郢","影穎"
"ing4","媵映瀅硬賸䵴應","應硬映"
"io5","瀹喲岳嶽敫樂爚礿禴籥約藥蘥趯躍鑰鸑龠䖃𧕋𤄶籰䋤𩱲鸙龥箹唷葯","約喲唷葯藥龠鑰岳嶽樂躍"
"iong1","壅噰灉廱𢧳槦滽癰𥧱罋臃䗤𧝸𧴄邕雝饔𪅟縈褮雍","雍"
"iong2","榮嶸嵱容溶喁遇顒傭慵融墉庸榕滎瀜瀯熒瑢肜蓉𦾵蠑褣謍䡥鄘鎔鏞䪯頌鰫鱅傛","榮容蓉溶鎔庸傭融"
"iong3","俑勇𠹍埇悀恿惥慂擁奣桶永涌㴄湧𤁽甬筩蛹𧖇踊泳詠咏","永泳詠咏勇湧蛹踊擁"
"iong4","咏泳用詠𩏨","用泳詠咏"
"ji1","丌畿幾乩刏几卟咭嘰基奇姬居朞枅棋機机畸磯𥝌稘䅲笄箕羇羈耭肌萁虮觭諆踑錤鐖雞鞿飢饑馶鷄麂璣期譏稽竒","雞鷄基期箕几飢肌姬機机譏饑稽奇竒"
"ji3","㞆己掎剞庋枳穖踦邔𪊍𪊨幾几紀","幾己几紀"
"ji4","伎鵋塈曁冀刉垍妓季寄彐忌悸惎懻技旡既檵洎瀱猤𢍉痵紒繼𦇧罽𦜕臮芰𦺶薊蘮䗁覬計記誋諅𧫜譏跽𨜒䤒𩥉驥鬾紀繫騎","記計寄季既忌繼技妓繫冀騎"
"ji5","亟伋佶及吃吉圾姞屐岌急㥛戟扢撠擊棘極殛毄汲激狤級結芨苙蕀𦻝襋𧩦䞘䩯鷑給","急極及汲岌級吉棘亟激擊給"
"jia1","伽枷瘕佳幏傢加咖嘉家犌珈痂笳耞茄葭𧉪袈𧛣豭跏鎵鴐麚","家佳嘉枷加伽袈"
"jia3","假叚斝斚椵榎檟貑賈","假賈"
"jia4","價嫁架稼駕价假","嫁架駕價价假"
"jia5","恝俠圿夾岬恝戛扴押揳擖柙梜浹猰甲砎𥑐硈秸胛袷郟鉀陜鞂頡鴶鵊","夾俠甲"
"jiai1","皆偕楷階稭湝喈䕸街裓蝔𩘅鶛","街皆偕階"
"jiai3","解檞薢繲","解"
"jiai4","介价芥蚧玠界疥屆嶰廨戒悈誡犗㠹䯰魪械","介芥界疥戒械誡屆"
"jiang1","僵姜橿殭江瓨畺疆礓繮茳薑䗵豇韁彊","江姜彊疆韁僵薑"
"jiang3","傋耩襁講","講"
"jiang4","降洚嵹彊糡絳袶強虹","強降絳虹"
"jiau1","交嬌憍徼儌僥咬嵺憿澆㶀穚簥䍊艽茭蛟詨轇郊鮫𪁉鷮驕膠教","交郊蛟嬌驕澆膠教"
"jiau3","恔攪敿撟佼糾曒狡璬㽱皎皦矯筊繳䘨𨝰餃鱎","攪矯狡皎餃"
"jiau4","叫轎嘂獥噭嬓𡦴挍敫校較教覺㹾珓窌䆗窖訆譥酵𨲭呌","叫呌教校較覺轎窖酵"
"jiê5","傑拮劫楬揭唊夾孑𢷒极杰桀桔劼榤渴滐㵖結絜𦀖羯莢衱袷訐詰鋏頰偈竭刦潔","結揭竭傑劫刦潔孑莢"
"jiên1","犍鬝堅奸姦幵慳㨜𢳚椷洨瑊礛𥴤緘兼縑肩艱菅菺葌蒹蕳銒鋻閒鞬䭈馯鰜鰹鵳𪃋鶼麉黬監間","兼監堅肩艱間姦奸緘"
"jiên3","臉囝垷姣孂𡾰寋䞿𢆚弿撿暕柬揀檢減湕㺝瞼筧簡繭藆䙭𧟉鹻鹼减堿儉","减減柬揀簡繭鹼堿檢儉臉"
"jiên4","件建健鍵楗儉𠐻劍劒壏檻毽㵎𦅘𦉞艦襇見覵諫轞𨏊鐧間監鑑鑒","見建健鍵儉諫劍件監鑑艦間鑒"
"jieu1","丩朻勼樛摎㽱繆鬮鳩","鳩"
"jieu3","久九玖糾韭灸韮","九久玖韭韮糾"
"jieu4","匶咎廏捄救柩桕疚究䊆臼舅舊𦭻莥䓘𧾻麔","救臼舅舊究咎柩"
"jin1","今斤巾筋衿襟觔金黅禁","斤觔今衿襟筋巾金禁"
"jin3","卺槿㱈殣緊謹錦","緊錦謹"
"jin4","堇墐僅妗㧆㨷𦧈覲靳饉噤凚僸瑾近禁","近僅禁噤"
"jing1","經京兢剠剄勍巠桱涇矜荊驚鵛鶁麠殑","京經驚荊"
"jing3","境憬憼景㯳璟蟼警頸莖","景頸莖境警"
"jing4","𠗌勁璥徑敬牼獍痙竟競儆誩鏡陘逕","敬儆竟競勁徑逕鏡"
"jio5","較傕搉桷梏榷珏脚腳覺角觳瑴捔斠龣攫","脚腳覺角"
"jio5","較傕搉桷梏榷珏脚腳覺角觳瑴捔斠龣攫","攫"
"jio5","矍彏戄玃籰蠼貜钁攫玃","脚腳覺角"
"jio5","矍彏戄玃籰蠼貜钁攫玃","攫"
"jiong1","冂冋扃坰駉","扃"
"jiong3","冏炯泂㓏囧炅煚𤑄熲苘藀褧迥扃","迥炯扃"
"jiong4","迥扃","扃"
"jü1","捄痀俱𡨢居椐据崌拘𣂏琚蜛跔車鴝鶋駒","居拘駒車俱"
"jü3","弆怇椇櫸矩枸筥舉莒貗踽鄅","舉矩"
"jü4","句倨具勮屨巨拒怐懅懼據㬬柜歫泃炬䀠𥉁秬窶粔苣萭虡裾𧣻䛯豦距踞遽鉅鋸雊颶駏䱟","具颶懼句據遽巨苣鉅距拒鋸"
"jü5","劇掬匊菊局挶㑢𧍕谻噱臄醵梮椈橘檋湨犑狊跼踘輂郹鋦鞫鵴鼳鞠","局菊鞠橘劇"
"jüan1","娟涓焆䅌蜎鵑捐","捐娟鵑"
"jüan3","卷捲菤錈","卷捲"
"jüan4","獧帣倦婘悁狷㪻眷絹鄄卷","卷倦眷絹"
"jüê5","亅掘崛决厥劂𠜾噘屈嶡抉撅橛橜決潏獗玦瘚䀗芵蕨蚗蟨蟩䘿觖觼訣譎𧱝趹蹷镼駃鴂鴃鵙鷢倔窟","决決訣掘倔窟厥"
"jüen1","君囷均桾㽦皸袀軍鈞頵麕龜","君均鈞軍"
"jüen3","箘菌攟稛䐃窘","窘菌"
"jüen4","僒呁捃攈㻒郡菌","郡菌"
"kai1","𢔡揩𦂄開","開揩"
"kai3","凱塏愷楷烗𥏪鍇慨","楷凱愷慨"
"kai4","咳𡢖欬愒愾嘅慨輆隑","慨"
"kan1","看刋坩嵁堪嵌𢦟戡栞轗龕勘刊","堪勘刊看"
"kan3","侃坎㙳欿砍輡","砍坎侃"
"kan4","勘瞰矙磡闞嵌看","勘嵌看"
"kang1","㝩康槺㱂漮㼽穅糠䗧躿慷","康糠慷"
"kang4","亢匟忼抗炕犺砊伉慷","炕抗伉慷"
"kau3","拷攷栲槀烤熇燺考薧","攷考烤"
"kau4","犒閙靠烤","靠烤"
"ke5","克刻剋咳喀客尅揢氪","客刻咳克"
"ken3","墾懇掯褃豤","墾懇"
"keng1","坑奟牼𥉸硜誙羥鏗摼阬","坑阬硜"
"keu3","口竘釦","口"
"keu4","叩扣寇滱簆蔻鷇","扣叩寇"
"ko1","軻柯棵犐珂稞窠簻萪蝌薖科苛顆","科苛柯顆窠"
"ko3","㐓坷可岢錁閜顆堁哿","可顆哿"
"ko4","課騍","課"
"ko5","㕎壳嶱榼㱿殻渴溘瞌碣𥔐礊頜顝殼㲉恪磕","渴磕壳殼"
"kong1","空悾崆椌涳䅝𥥈箜𥳎倥","空"
"kong3","恐孔𥉁","孔恐"
"kong4","控鞚空","空控"
"ku1","骷刳恗挎枯軲郀","枯"
"ku4","庫袴褲","庫褲袴"
"ku5","俈哭嚳堀捁䍍泏㵠矻窟酷𩑡𩨳","哭酷"
"kua1","夸𠇗侉姱恗誇","誇"
"kuai4","塊儈快會筷䈛蒯蕢駃䯤","快筷塊"
"kuan1","寬髖","寬"
"kuan3","梡款窾","款"
"kuang1","劻匡恇框洭眶筐䯑","匡筐"
"kuang2","狂俇","狂"
"kuang4","况況壙礦曠況眖矌絖纊誆誑貺軦","礦曠况況誑貺"
"kuêi1","刲悝奎戣盔窺絓聧虧闚𩏣魁楑巋","虧盔窺魁奎"
"kuêi2","𧃰暌犪睽葵蝰躨逵鄈騤夔魁","葵夔魁"
"kuêi3","傀𢜽磈䠑頍䫥巋愧","傀愧"
"kuêi4","喟巋媿愧瞶聵簣蕢攱㩻樻硊𥢶䙆䙡觖䞈蹪鞼餽饋䯣䰎揆湀鐀","愧"
"kuen1","坤崐崑昆晜琨蜫褌錕騉髡鯤鵾鶤","昆崑坤"
"kuen3","壼悃捆梱硱稇綑閫齫","綑捆悃"
"kuen4","困混睴","困"
"kuo5","劐𠠎𡻙廓彉彍擴籗蛞闊霩鞹漷","闊擴"
"la5","剌攋喇垃拉搚擸瘌翋臘菈蠟𧙀辢邋鑞辣腊","拉辣剌喇蠟臘腊"
"lai2","來徠崍𤦃睞䅘郲騋鯠鶆淶萊","來萊"
"lai4","瀨癩籟藾賴","賴癩"
"lan2","厱婪嵐惏攔瀾斕欄漤爛籃籣葻藍蘭襤襴襽𨬒闌𨷻韊䰐𪇖攬欖濫","闌蘭欄瀾攔藍籃攬欖濫"
"lan3","灡壈嬾懍懶擥攬欖𨎺覽纜","懶嬾覽攬纜欖"
"lan4","嚂濫爁懢糷纜爛","爛濫纜"
"lang2","嫏㝗狼桹榔瀧琅瑯稂艆莨𦵧蜋郎鋃駺廊螂","郎廊螂狼瑯榔蜋"
"lang3","悢朗樃烺","朗"
"lang4","浪埌䍚蒗","浪"
"lau2","勞㗦嘮㟹撈浶牢癆蟧䜎䜮䝁醪","勞撈癆牢"
"lau3","恅栳潦橑老蓼䕩","老"
"lau4","嫪烙澇勞","勞"
"leng2","崚倰攍棱楞稜𦼊","稜"
"leu2","嘍塿婁慺寠㡞廔樓瞜𦎹耬艛艣螻䝏髏䱾僂摟","婁摟樓"
"leu3","摟漊嶁甊𪍣簍","簍摟"
"leu4","屚漏𤬏瘻𦸢陋","漏陋"
"li2","棃犂氂兣孋㒿剺𠠍劙厘哩㗣嫠攡斄樆漓犛狸梩璃瓈甅离秜䅻穲竰籬糎縭纚莉藜蘺䕻蜊褵貍邌𨛫醨釐𩧋𩭇鱺黎黐梨麗離","梨黎釐麗厘狸貍離璃漓籬"
"li3","俚娌履峛𣀷李澧理㾖㿛盠禮欐𥴡艃裡豊邐醴里鋰鯉鱧裏礼","里理裡裏鯉俚李履禮礼"
"li4","珕例栵浰俐涖攦儷利勵厲吏戾唳悷栛棙櫔沴痢癘盭砅礪禲䅀綟莅䓞蜧㼖詈隷𩗭荔隸蠣麗","例利痢荔隸厲勵蠣麗儷吏"
"li5","凓㔏力叻㗚嚦屴岦慄擽歷朸栗櫟櫪溧濼瀝瑮瓅癧皪磿礫立笠篥粒䍥䍽苙蒚䔁藶躒轢酈鎘靂颯䬆鬲鴗鷅麜曆","力立歷靂曆瀝粒笠栗"
"lia3","𢎏倆","倆"
"liang2","量俍涼凉梁椋樑粮粱糧良輬𩗬諒","凉涼諒梁粱良量糧"
"liang3","兩倆掚蜽裲輛魎","兩輛"
"liang4","亮倞悢晾諒量","亮諒量"
"liau2","寥熮燎獠㙩撩嫽廖佬𠐋嘹僚寮尥㟹嶚憀敹橑漻潦窌聊膋䑠蟟豂轑璙顟遼","寥聊遼潦燎僚"
"liau3","了憭蓼𧘈鄝釕镽","了"
"liau4","料療𦌒膫蟉遼𪖷","料療"
"liê5","儠冽列𠜺𡂏捩擸洌𤁯烈犣獦獵㼲茢蛚蜐裂䜲躐颲鬣鮤鴷","列裂烈獵"
"liên2","戀匳㺦壣奩帘𢅏廉怜憐蘞槤濂㶌煉熑𤹨磏簾翴聯苓蓮薟薕𧐖蠊褳襝覝謰連鎌鏈鐮零鬑鰱𪍴","連鰱蓮廉簾憐聯"
"liên3","臉斂𠗳溓璉䌞羷襺𧸘鄻醶䭑","臉"
"liên4","楝殮瀲湅漣練萰鍊僆斂鏈煉","斂殮鍊鏈煉練"
"lieu2","留劉瀏旒懰榴流琉瑠疁硫𥹷裗䚧遛鎦鎏鏐飀騮鶹","流硫琉留榴劉"
"lieu3","嬼柳綹罶蓼蔞𩖴","柳"
"lieu4","僇塯廇溜窌霤","溜"
"lin2","林淋嶙璘獜潾燐琳疄痳箖粦𧲂遴甐橉鄰隣霖鱗麟磷臨","林淋霖鄰麟燐磷鱗臨"
"lin3","𠘡廩懍檁菻吝","廩吝"
"lin4","吝悋藺賃躪甐","賃吝"
"ling2","凌伶拎倰囹夌岺怜㥄昤櫺𣬹淩玲瓴秢紷綾𦉢羚翎聆朎舲苓菱蔆蘦蛉𧕅袊跉軨酃醽鈴陵㱥霝霛靈𩵀鯪鴒麢齡令柃零","令鈴零伶羚齡陵菱靈"
"ling3","嶺泠領","領嶺"
"ling4","令另竛𩜁","令另"
"lio5","略掠㗉䛚𧎾畧","略畧掠"
"lo2","儸嚧囉籮羅蘿鑼邏","羅鑼蘿"
"lo5","咯樂濼洛烙犖玏珞𤻲硌笿絡艻落袼詻躒酪錴雒𩊚馲駱鮥鰳鵅𪇱","樂洛絡烙落駱咯"
"long2","巃嚨曨攏朧櫳㰍瀧瓏癃䆍窿聾𦪽蠪豅隆隴霳䪊𩟭驡𪔳龍𪚝籠","龍聾攏籠朧嚨隆"
"long3","儱壟寵攏隴","攏壟隴"
"long4","哢弄梇贚衖閧","弄衖閧"
"lu2","壚廬擄櫨瀘爐獹玈瓐𤬛盧矑籚纑罏臚𧀦轤鑪顱鱸𪈒黸蘆","盧爐蘆廬鱸顱鑪"
"lü2","婁漊㟺櫚氀瘻藘䕡䣚閭䮉驢","驢"
"lu3","嚕櫓滷艣虜𧫓鐪魯䲐鹵","鹵滷魯櫓虜"
"lü3","侶僂儢呂旅㭚梠祣穭𥰠𥴧縷膂𧃒鋁吕屢","吕呂侶旅屢縷"
"lu4","潞璐簬簵虂賂路輅鷺露","路露賂鷺"
"lü4","慮勴屢𡾅櫖濾爈𧓻𧭜鑢","慮濾"
"lu5","僇戮六坴娽𢫫摝樚淥漉琭甪盝𥓎祿稑簏簶籙綠䍡𦪇菉蓼蔍螰𤰄觻谷趢踛轆陸騄𩣱騼鯥鹿麓錄","六綠祿錄陸鹿"
"lü5","嵂律率繂膟","律率"
"luan2","圝巒欒灤羉𦣏鑾鸞","鸞"
"luan2","攣𤼙","鸞"
"luan3","臠","卵"
"luan4","亂孿乱戀","亂乱"
"luan4","戀孌鱄","亂乱"
"lüê5","劣埒捋脟鋝","劣"
"luêi2","畾雷轠蘲鸓虆縲嫘𡤯樏欙㶟𤜖絫瓃纍罍羸","雷"
"luêi3","儡壘礨蘽櫑𡼊漯㵽𤢹瘰癗𦢏蕾藟讄磊誄","壘儡"
"luêi4","攂礧累䌆淚纇蘱類耒","類淚累"
"luen2","侖淪掄惀論倫圇崙崘棆蜦輪鯩","侖輪淪倫崙論"
"luo2","欏㰁𥢵腡蔂螺覶𨰠饠騾蠡驘鸁","騾螺"
"luo3","倮㦬攞臝蓏裸躶卵","卵裸"
"ma2","嘛媽犘痲蔴蟆靡麻麼𪓹","麻蔴蟆"
"ma3","嬷榪瑪碼螞馬","馬瑪碼螞"
"ma4","傌嗎禡罵","罵禡"
"mai2","埋薶霾","埋霾"
"mai4","勱蕒䜕賣邁","賣邁"
"man2","悗姏獌慲瓱瞞蠻䜱䟂鞔顢饅𪈿蔓","蔓饅瞞蠻"
"man3","㛧庬滿矕鏋","滿"
"man4","曼鰻漫墁嫚幔慢槾蔄䡬𩆓僈","慢漫幔僈"
"mang2","厖哤娏尨忙恾杗汒牻盲𥆙𥐞硭芒茫蘉蛖邙鋩駹䵨龍氓","忙茫盲氓"
"mang3","莽漭𠈵㟿㬒𥮎蟒","莽"
"mau2","貓喵媌旄杔毛𣹪牦犛堥耗茅蝥軞酕錨䭷髦猫","毛茅錨猫貓"
"mau3","卯昴殀泖冇","卯昴"
"mau4","冃冒媢帽𣔺瑁䋃耄耗䑵貌𪃑","冒帽貌"
"me5","万佰冒嘿嚜墨纆脉脈衇覛貊貘陌霡驀麥默沒","墨默麥脈沒陌"
"mêi2","𡴋嵋枚梅楣湄媒煤玫眉禖莓酶鋂霉黴睂","眉睂嵋煤媒玫枚梅霉"
"mêi3","媺挴每浼渼美苺鎂黣","美每"
"mêi4","𠇱沬昧妹痗媚寐眛篃䉋蝞瑁魅","妹昧寐媚"
"men2","亹樠們吽捫𣯩璊穈虋門䫒","們門"
"men4","悶燜懣","悶"
"meng2","氓甍甿𥌯莔蝱鄳䥰萌盟","萌盟氓"
"meng3","猛艋蜢鯭鱦鄳黽","猛"
"meng4","孟錳","孟"
"meu2","侔劺堥恈毋牟眸矛繆蛑蟊蟱謀鍪髳鴾麰","謀矛"
"meu3","厶某母牡𤝕畝畮","某牡母畝"
"meu4","戊愗懋楙茂袤貿鄮瞀牡","牡茂貿戊"
"mi2","靡㜷瀰冞𢇲彌攠𣟸溦爢獼𥹆糜蘪迷醾麋麛𦗕𪎭𪓬","迷糜彌"
"mi3","侎咪孊㠧弭敉洣渳濔灖眯米粎䊳䋛𦗕葞蔝䖹銤䱊","米"
"mi4","袂謎","謎"
"mi5","冖冥冪塓宓密幎幦𢅵汨沕滵濗熐𤑺䁇簚糸蓂䖑蜜蠠覓覔謐䤉鼏","密蜜覓覔"
"miau2","描篻緢苗","苗描"
"miau3","杪淼渺秒緲藐訬𪃐眇","秒渺眇藐"
"miau4","妙廟䖢","妙廟"
"miê5","哶幭懱搣滅烕眜䁾篾蔑蠛衊鱴","滅"
"miên2","㒙宀棉櫋眠矊矏緜蝒綿","眠棉綿緜"
"miên3","丏俛免㝃冕勉勔娩愐沔浼湎眇緬䤄鮸𡕢","免勉冕娩"
"miên4","湣㴐瞑面麪麵偭麫","面麵麫"
"min2","岷忞玟旻旼民珉䃉罠苠閩䪸𪃯","民岷閩"
"min3","泯慜暋澠愍憫敃敏湣潣𤛎簢閔鰵","閔憫敏泯"
"ming2","嫇暝溟名明冥榠洺蓂螟鄍銘鳴䳟","名銘明鳴冥"
"ming3","皿𥥊茗酩慏黽冥","皿冥"
"ming4","命䒌詺","命"
"mo2","麼嬷摩劘𡡉饝䯢魔磨","摩磨麼魔"
"mo3","懡麼","麼"
"mo4","塺磨","磨"
"mo5","莫瀎帓圽妺嗼寞幕㦝抹摸末歿歾沒沫漠𤣻瘼眜眽𤲰瞙秣𥬎縸膜茉藐蟔蟔袜貌邈鄚鏌靺饃𩢷䳮","莫摸漠幕寞膜末抹沒"
"mong2","冡濛曚幪懞朦檬氋矇朦蒙𦿏饛髳儚𩦺𨢊鸏𩶶","蒙朦濛矇"
"mong4","夢懜㝱𢄐溕懵䲛霿","夢"
"mu2","嫫摹模膜謨","模摹膜"
"mu3","母姥姆拇𧬏鉧䳇畝","母畝姆"
"mu4","慔募墓慕暮楘","募墓暮慕"
"mu5","木毣沐牧目睦穆繆苜蔤蚞鉬霂鞪鶩","木目沐牧"
"na2","拏挐拿摣","拿拏"
"na3","哪䋈那","哪那"
"na4","絮那","那"
"na5","呐妠𢇵捺柮笝䈫納肭蒳衲軜鈉魶吶","捺納吶"
"nai3","乃奶嬭疓迺鼐","乃奶鼐"
"nai4","奈柰耏耐螚褦","耐奈"
"nan2","難南喃柟枏男蝻諵楠","南喃諵楠男難"
"nan4","妠攤灘難","難"
"nang2","囊囔攮齉噥","囊"
"nau2","呶猱峱怓譊撓㺜獿鐃","撓鐃"
"nau3","𠜶惱憹𤝾㺁㺒瑙碯腦鐃","腦惱瑙"
"nau4","婥淖𥑩硇鬧橈","鬧"
"ngai2","呆捱敳獃皚㾍癌","呆獃"
"ngai4","乂艾鴱𧰿儗礙譺碍","艾礙碍"
"ngan4","儑喭岸䮗犴矸豻","岸"
"ngang2","卬昂䭹㭿㟅","昂"
"ngau2","敖䫨嗷鰲鼇鷔驁遨嶅螯廒熬蔜獒獓璈滶摮聱謷𢧴鏊囂翶","熬鼇鰲"
"ngau4","傲蔜驁鏊澆奡𧇠","傲"
"nge5","額詻頟鶂𤘑","額"
"ngeu3","偶㼴耦腢藕","偶藕"
"ngo2","莪俄蛾鵝哦娥涐峨峩睋吪訛鈋囮譌","俄娥蛾峨哦鵝訛"
"ngo3","我硪騀","我"
"ngo5","儑峉嶭噩蘁鱷咢堮鶚顎鍔鄂諤鰐崿愕萼遌齶枿磀虉","鄂愕齶鱷"
"ni2","泥迡臡","泥"
"ni3","你嬭禰薾鉨伱","你伱"
"no2","㔮儺橠娜","娜"
"no5","訥諾","諾"
"nong2","儂噥濃穠膿蕽襛農醲","農儂濃膿"
"nu2","奴拏帑駑","奴"
"nu3","努弩","努"
"nuan3","暖煖煗餪堧","暖煖"
"nuêi3","浽腇餒鯘","餒"
"nuêi4","內氞","內"
"nuo2","捼挪","挪"
"nuo4","懦糯愞","糯"
"o1","哦妸娿婀屙疴痾䋪阿𣘨","哦阿"
"o5","堊堨㔩姶惡洝𤂷蚅蝁豟遏釴閼頞鰪","惡"
"ong1","塕翁螉郺","翁"
"ong4","甕𥥈","甕"
"pa1","乓芭趴","趴乓"
"pa2","爬琶趴扒","趴扒爬琶"
"pa4","帊帕怕","怕"
"pa5","汃帕乓","帕乓"
"pai2","俳徘排牌𥱼篺蠯","排牌徘"
"pai4","派湃矲䥯","派"
"pan1","扳拌拚𢬵攀番潘","潘攀"
"pan2","搫媻幋槃瀊盤磐磻縏繁𨃞蹣鞶𪄀","盤"
"pan4","伴冸判叛沜泮牉畔盼襻頖胖","判胖叛畔盼"
"pang1","滂胮雱䨦乓","乓滂"
"pang2","彭彷房旁膀舽螃逄龐傍徬","旁傍徬彷膀螃龐彭"
"pang3","㩧髈鎊","鎊"
"pang4","徬肨胖","胖"
"pau1","泡炰砲䍖胞脬拋","拋"
"pau2","跑鉋炮匏咆庖掊瓟袍謈跑𨛬麃","袍匏庖跑"
"pau4","奅𣚇礮𨠖靤泡砲炮礟","泡砲炮礟"
"pe5","魄怕拍𢶉洦珀霸䞟迫","拍珀魄迫"
"pêi1","坏抔肧衃醅阫啡䯱呸胚","呸肧胚"
"pêi2","培掊棓毰裴賠錇陪","陪培賠"
"pêi4","琲孛軷浿佩拔朏妃帔旆㫲沛㤄珮肺茷轡邶配霈","配佩沛"
"pen1","吩噴歕","噴"
"pen2","𣄏盆葐湓","盆"
"peng1","乓怦抨姘洴烹軯軿閛漰","烹乓"
"peng2","弸鵬棚堋彭㥊憉傰朋澎硼蟚趽騯鬅䰃倗","朋棚鵬彭"
"peng4","碰磞𨹹掽","掽碰"
"peu3","剖䏽","剖"
"pi1","丕披㱟砒岯伾𠜱怌批旇㮰狉狓磇羆翍耚𧧺豾邳釽鈹鉟錍陂髬魾䲹","披批砒丕"
"pi2","埤崥枇㯅毗毘犤琵㼰毗疲皮笓脾𦳈蚍蜱裨貔郫鈚阰鼙","皮疲枇毗琵脾"
"pi4","俾嚊圮壀嫓屁淠渒睥濞箅䉾罷譬賁貱贔跛鄪潎㵒","譬屁"
"pi5","副劈僻匹愊澼疈疋䍇辟䤨鵯𪇊鷿癖霹","匹疋辟僻癖劈霹"
"piau1","嘌彯漂𤐫翲螵𧓎飄","飄漂"
"piau2","瓢𣞉薸嫖","瓢嫖"
"piau3","縹慓膘醥麃犥漂","漂"
"piau4","僄勡嫖殍瘭票䏇驃鰾剽漂","票漂"
"piê5","姂嫳撇丿撆瞥蟞䠥","撇"
"piên1","諞偏媥扁楄猵甂㾫篇翩","扁偏篇"
"piên2","平胼𧍲蹁駢楩骿便","便"
"piên4","𣎵片騙諞","片騙諞"
"pin2","瀕矉蘋貧頻顰嬪","貧頻蘋顰"
"ping1","娉俜乒拼甹砯艵","拼乒"
"ping2","屏馮憑凭坪枰帡平泙洴㵗瓶缾苹荓蛢郱淜評萍","平評萍瓶屏憑"
"ping4","偋䀻砅聘娉評屏","聘娉評屏"
"po1","頗坡陂","坡"
"po2","婆皤鄱","婆鄱"
"po3","叵笸駊頗","頗"
"po4","破頗","頗破"
"po5","哱㧊昢朴潑璞癹醱鏺","潑"
"pong2","篷芃蓬逢塳髼漨","蓬篷"
"pong3","捧埲熢𦺑","捧"
"pu1","𥡵𨁏鯆鋪","鋪"
"pu2","匍舖䒀苻葡蒱蒲菩","蒲葡菩"
"pu3","圃普浦溥蔀譜鐠䲕","普譜浦"
"pu5","撲墣幞扑𢷏攴暴曝瀑菩轐蒪醭鏷僕","僕撲瀑"
"qi1","溪敧徛崎僛娸㩻榿欺㱦䗁𤘌踦魌𪅾螇谿鸂","谿溪崎欺"
"qi2","其畿期玂騎𢁒疧軝俟圻埼奇岐幾忯愭旂旗棊棋歧淇濝琪琦璂𤪌碁示祁祇祈祺耆肵芪萁藄蚚蜝蜞𧗒衹𧰙𨙸頎騏鬐鬿鮨鯕鰭鵸鶀麒崎","奇崎騎岐歧旗期棋麒棊碁其祈旂耆"
"qi3","启啓𡵆己㥓晵棨䄫䅲綮芑䒻䔇裿豈起綺啟企杞","起豈啟啓企杞"
"qi4","契企亟倛唭器弃憩揭棄气氣汽炁瘈罊䞚栔噐","企氣器噐棄契亟"
"qi5","吃圪喫乞嘁忔毄汔泣湆犵𤴸稧訖迄郤釳","乞訖迄吃喫泣"
"qia5","㓤帢恰掐𥴭袷","掐恰"
"qiang1","慶椌矼𥓌羌腔控蜣","腔"
"qiang2","強勥强彊","強"
"qiang3","繈鏹強","強"
"qiau1","敲墽摮墝橇趫蹺鄗鄡","敲"
"qiau2","僑橋屩喬嶠㠐招瞧𦒓荍蕎翹","喬僑橋翹"
"qiau4","𠿕撬𢶡撽礉竅趬躈翹","翹竅"
"qiê2","茄枷","茄"
"qiê5","㓶呿抾契㥷怯愒朅愜慊猰篋脥挈蛪","怯契"
"qiên1","掔牽搴𢜩鉛鈆厱岍愆掮攐攑柑縴褰諐謙欦䞿汧鵮","牽鉛謙"
"qiên2","乾榩拑箝虔蚈𨜻鈐鉗鍼雂雃騝鰬黔黚","鉗乾"
"qiên3","遣凵嗛嵰慊槏歁䇜繾膁蜸䭤鼸歉","歉遣"
"qiên4","欠歉俔傔㪁𤬯芡譴縴遣","欠縴歉遣"
"qieu1","丘揪蓲蚯邱龜","丘邱蚯"
"qieu2","俅捄朹梂毬求犰球璆絿脙艽莍虯蛷裘觩訄䜪賕逑銶鼽仇","求球裘毬仇"
"qin1","嶔吢欽衾","欽衾"
"qin2","勤堇慬庈懃擒檎琴禽耹肣芩芹菳蘄黔廑","琴禽擒勤芹"
"qing1","輕傾卿頃傾","卿頃傾輕"
"qing2","擎擏檠鯨黥𩷏","鯨"
"qing3","頃檾漀傾罄","頃傾罄"
"qing4","罄慶磬","慶罄磬"
"qio5","卻却㕁埆愨榷毃確碻搉礐","確卻却"
"qio5","躩𢖦","確卻却"
"qiong1","穹跫銎","穹"
"qiong2","𠌖匔𡞦嬛惸桏㮪𣜧煢瓊睘窮𥨪筇芎𦭭藑藭蛩邛","窮瓊"
"qü1","佉呿區嶇㠊敺斪祛朐葋袪𨄅軀阹魼鮬鰸鼩驅","區驅軀"
"qü2","劬戵抾欋氍渠璩癯磲籧翑腒臞蕖𦼫衢䞤躣𪆂鸜佢瞿","渠佢瞿"
"qü4","去㰦","去"
"qü5","曲屈䒼䖦䠐闃鶌麯麴","屈曲麯"
"qüan1","棬弮圈","圈"
"qüan2","卷埢婘巏𢑆惓拳捲權犈狋蜷蠸觠踡顴鬈","拳權"
"qüan3","汱犬𤰕畎裷詃","犬"
"qüan4","券劵勸圈","券勸"
"qüê5","𦁐缺蒛闋闕","缺闕"
"qüen2","宭羣裙群","羣群裙"
"r5","日氜釰鈤馹入","日"
"ran2","𠯍㜣然燃蛅衻䛁䫇𪚮","然燃"
"ran3","染㒄冉姌橪熯苒蹨","染"
"rang2","儴瀼攘勷懹𣀮瓤䉴蘘𨟚鬤","瓤"
"rang3","嚷壤𥗝䑋躟","嚷"
"rau2","橈蕘蟯襓嬈饒","饒"
"rau3","擾遶繞㹛","擾遶繞"
"rê3","喏惹若渃","惹"
"rê5","焫熱爇讘","熱"
"ren2","壬任妊紉人仁儿姙恁","人仁任壬妊恁"
"ren3","恁忍涊稔棯腍荏荵餁妊衽","妊忍恁衽"
"ren4","仞刃牣絍芿訒賃韌任妊椹衽認","任刃妊椹衽認賃"
"reng2","仍礽艿陾","仍"
"reu2","柔揉㽥禸蝚騥鰇鶔","柔揉"
"ro5","弱箬若蒻逽鄀","若弱"
"rong2","戎㲨𢫨毧氄狨𥎂絨茙駥髶茸","戎絨茸"
"ru2","如洳儒嚅嬬孺濡擩帤懦挐獳繻臑蒘蕠薷袽襦銣顬鱬鴽","如儒孺"
"ru3","乳女汝籹𪏮","乳汝"
"ru5","嗕傉入溽縟肉蓐辱鄏廿褥","入肉辱褥"
"ruan3","𤲬媆㮕瑌㼱碝耎腝䓴蠕輭軟","輭軟"
"ruêi3","橤繠蕊蘂","蕊"
"ruêi4","叡枘汭睿䄲芮䓲蚋銳","銳"
"ruen4","㠈潤閏","閏潤"
"s1","偲厶司凘嘶澌廝撕斯㯕榹㴲磃禗禠私𥯨絲緦罳菥蜤螔蟴覗鉰鋖鍶鐁𩆵颸鷥𪆁鼶思","絲私撕斯廝思司"
"s4","食俟騃竢寺賜似兕嗣四姒已杫柶肂汜泗涘瀃祀笥耜肆蕼貄鈶飼駟𣏌巳","四寺肆似巳賜俟嗣"
"sa5","𠎷𠦃撒殺樧粣𥻦薩趿鎝霅颯馺煞","煞撒薩颯"
"sai1","㩄毢腮䚡顋䰄鰓","腮顋"
"sai4","塞㩙簺僿賽","塞賽"
"san1","三參叄毿珊䈀𦙱姍跚叁","三叁珊"
"san3","傘糂糝繖散","傘散繖"
"san4","散饊三","散三"
"sang3","嗓磉顙","嗓顙"
"sau1","慅搔溞繅臊颾鰠鱢騷","搔臊騷"
"sau3","嫂掃燥","嫂掃"
"sau4","噪埽譟燥","噪譟燥"
"se5","嗇塞㥶穡色轖薔㱇澀","色澀塞"
"seng1","僧鬙","僧"
"seu1","廋搜獀傁𢯱摗𣯜涑溲䐹蒐螋𧳶鄋鎪餿䱸颼","搜颼"
"seu3","叟𠩹𠪇擻𣸈瞍籔藪嗾","叟"
"seu4","嗽漱瘶謏","漱嗽"
"sh1","施尸屍師獅篩籭絁葹蓍蒒䗐螄褷䙾詩邿鍉鳲鸍𪓿","詩師獅尸屍施"
"sh2","匙姼塒提時榯鰣鼭漦茌茬","時鰣匙"
"sh3","畤始使史屎弛狧痑矢豕阤駛施","使史駛施始屎矢豕"
"sh4","世氏事舓侍恃𤜣嗜筮噬澨市是諟視誓逝豉勢士媞㡜弒𢗗𢨪栜㳏示𥫴簭舐褆試諡謚𧳅䟡遾𨸝𩰢沶仕似施柿䑛","事是試弒氏嗜世示市侍恃勢視誓逝士仕似施柿舐䑛"
"sh5","兙食石䄷鼫十什拾寔識失奭𡣪室實射式拭栻檡液溼濕瓧祏睗䁺竍籵𥼶𧄹𧊖蝕襫軾適釋䦹𩋡飾","十石拾食失室實寔式濕溼識適釋什飾蝕"
"sha1","嗄沙㸺𤨓𤵌痧砂紗裟䩖鯊","沙砂紗裟"
"sha3","傻儍","傻"
"sha5","歃翣萐煞摋翜𧚨鎩閷殺剎柵","煞殺剎柵"
"shai4","殺鎩曬洒晒","曬晒殺"
"shan1","刪山挻搧彡杉摲㭅㹪穇縿羶膻舢芟衫䘰訕顫髟潸删珊扇煽","山删刪珊衫杉羶扇搧煽潸"
"shan2","單撣澶棎蟾嬋蟬儃鋋禪","禪蟬"
"shan3","僤㺑摻㚒掞㨛㨻淰㴸潬𧀵陝閃潸","閃陝潸"
"shan4","扇煽疝墠善繕膳鱔擅禪鱓樿贍墡嬗柵汕煔㹪蟺謆饍騸","善鱔膳扇煽疝禪擅"
"shang1","傷商愓殤湯滳禓蔏螪觴謪鬺煬","商傷觴"
"shang3","賞上","賞"
"shang4","上尚尙償","上尚償"
"shau1","燒娋弰旓梢筲䈰䈾莦蛸䘯捎鞘颵髾鮹","燒梢"
"shau2","韶玿","韶"
"shau3","橚少稍紹","少稍紹"
"shau4","少稍卲劭邵紹袑佋哨𣕇睄䏴𨛍","少紹稍"
"shê1","奢畲賒","奢"
"shê2","蛇佘鉈","蛇"
"shê3","捨撦","捨"
"shê4","厙射社舍赦麝","舍射社赦麝"
"she5","㒊澁澀濇瑟璱翜虱蝨蟀索𢱢飋什舌設涉攝","瑟澀蝨虱什蟀舌設涉攝"
"shê5","懾折揲拾涉攝欇𣠞灄舌䒷葉蔎蛥設韘䱑","舌設涉攝"
"shen1","娠深㾕伸侁兟參槮呻姺㜪峷柛森甡申砷篸籸紳莘葠𦸂襂詵身駪𩺵","伸參呻申森深紳身"
"shen2","甚什神䰠","神"
"shen3","瀋哂嬸審抌沈淰㶒𤘣䀢瞫矧訦諗讅","嬸審沈"
"shen4","滲甚葚慎腎蜃㰮眒祳脤蜄黮","慎甚腎"
"sheng1","升昇𣬺牲甥竔笙聲陞鼪声生勝","声聲生笙牲甥升勝"
"sheng2","憴澠繩譝鱦","繩"
"sheng3","冼㾪省眚箵","省"
"sheng4","剩勝㱡賸晟盛聖榺生嵊","勝聖剩盛"
"sheu4","受授綬售壽獸狩瘦廋守","受授壽售瘦獸守"
"sho5","𡩡𢱢摵鈒勺杓芍栜汋𤁧爍譅鑠索","芍勺杓索"
"shu1","杸洙茱姝㡏摴疏書梳樗樞𣰿㻬㼡疋綀舒蔬鄃𪅰輸疎","書輸梳蔬疏疎舒樞"
"shu2","殳蜍銖殊","殊"
"shu3","數暑癙籔藪𧑓黍鼠署","暑署黍鼠數"
"shu4","抒署曙薯藷尌樹澍竪豎庶恕戍捒杼腧䜴墅數","樹恕數豎戍庶墅"
"shu5","倐倏儵叔塾孰術述蜀襡屬摵摍束㯮沭淑潏㶖熟秫縮翛䎘莤菽虪謖贖蹜鉥鐲钃䨹鮛鸀䴰属","叔熟塾孰述贖縮術束倏蜀屬属"
"shua3","耍𧫝","耍"
"shuai1","摔榱𤸬衰","衰摔"
"shuai3","甩摔","摔甩"
"shuan1","拴栓𣟴閂","拴閂"
"shuang1","孀瀧䉶𢥠艭䝄𨇯雙驦霜双","霜孀雙双"
"shuang3","塽爽㼽𦄍騻","爽"
"shuêi2","誰圌脽","誰"
"shuêi4","說瑞睡菙娷帨挩涗㽷稅裞","睡稅瑞"
"shuen2","蓴蒓","蒓"
"shuen4","盾揗楯順䀢瞚瞬舜蕣鬊","順舜瞬"
"shuo5","說欶率帥𢷾朔槊槭𣝇矟箾𦋞","說朔率"
"si1","屖栖棲澌犀硒粞西郪嘶","西犀嘶棲"
"si3","徙枲洗璽葸蓰諰","洗徙璽"
"si4","氥細","細"
"si5","卌圾夕矽媳席慴槢𢕬息悉惜昔晰晳析汐淅澙熄瘜皙磶穸𥱵緆習腊膝舃菥蓆蒠蜥蟋裼襲謵鄎錫鎴鏭隰霫飁騽鰼𪅽","圾席息媳熄惜昔習錫夕膝悉蟋析蜥淅襲"
"siang1","相廂忀欀湘瓖箱緗纕葙襄驤鑲","相箱湘廂襄鑲"
"siang2","庠洋祥翔詳","詳祥翔"
"siang4","像橡蟓襐象潒相","象像橡相"
"siau1","哨宵彇捎揱梢櫹消瀟痟硝簫綃翛蕭蛸蟰蠨逍銷霄𩙚魈","消宵銷硝逍霄簫蕭"
"siau3","小筱篠","小篠"
"siau4","咲嘯歗笑肖𦢩","笑肖嘯"
"siê2","斜苴衺邪","斜邪"
"siê3","寫𣞐","寫"
"siê4","卸榭㴬灺炧謝瀉","謝瀉卸"
"siê5","薛僁契楔媟屑屧㣯揳𣊓泄洩㳿燮疶紲絏緤薛褻詍躞𨇨辥靾齛渫","屑洩契"
"siên1","鮮廯仙仚僊姍孅憸摻暹枮先𥑻秈䆎䉳綅纖苮虃褼襳蹮躚韱","先仙鮮纖暹"
"siên2","唌撏涎爓䕭","涎"
"siên3","尠尟毨洗洒燹獮癬筅箲䌞蘚銑鍌鮮跣","癬鮮銑跣"
"siên4","㪇綫線腺鏾霰韒羨","線綫羨霰"
"sieu1","修糔羞脩饈","修脩羞"
"sieu2","囚泅苬鮂","囚"
"sieu4","宿岫牰琇秀繡袖鏥鏽綉銹","秀袖岫绣繡銹鏽宿"
"sin1","心新莘薪辛鋅","心辛新薪"
"sin2","尋撏樳潯燖𧂇鄩鱏鱘","尋"
"sin4","囟信汛訊迅","信訊"
"sing1","醒惺猩㙚星湦胜觪騂鯹腥","星醒腥猩"
"sing3","渻省醒","醒省"
"song1","凇倯娀崧嵩淞蜙鍶𪀚𣞷松鬆","松鬆嵩"
"song3","傱嵷悚䋶慫㩳㪌𥵅聳蓯","悚"
"song4","宋𦯕訟誦送頌","送宋訟頌誦"
"su1","囌㢝甦穌蘇酥","蘇酥"
"sü1","伹嬃揟湑楈繻胥蝑鑐需須𩒧𩓣䰅鬚𪋯醑","須鬚需胥"
"sü2","徐邪","徐"
"su4","傃嗉塑愫泝㴑溯素膆訴愬䛾遡","素溯愬訴"
"sü4","敍㐨垿壻婿序漵稰絮緒芧嶼藇𨣦鱮敘叙續","序敘叙婿緒絮續"
"su5","玊宿俗夙㩋梀𣙙㯈橚洬涑潚𤡃䃤窣簌粟肅蓿䔩觫誎速遬藗餗驌鱐鷫肃","俗宿肃肅速夙粟"
"sü5","卹恤戌珬藚訹續","戌續恤卹"
"suan1","狻酸","酸"
"süan1","亘宣揎瑄","宣"
"süan2","旋㘣㳬漩琁璇璿䗠還","旋"
"süan3","選𫅈","選"
"suan4","笇筭蒜算祘","算祘蒜"
"süê5","㿱踅雪鱈薛","雪薛"
"suêi1","夊奞𣯯浽眭睢綏荽菘雖尿","雖尿"
"suêi2","隋隨","隨隋"
"suêi3","瀡髓嶲巂𤡪竦𧆑靃䭉髓","髓"
"suêi4","祟𣄚𣔾檖歲澻𤑾燧璲碎𥕸穗穟邃繐繸𦸏襚䜐譢遁遂鐩隧髓穂","歲碎遂隧髓穂穗"
"suen1","孫猻蓀薞𧎤湌飧","孫猻"
"süen1","洵荀詢郇筍","洵筍荀詢"
"süen2","徇峋巡循恂旬栒㵌珣紃馴","旬徇循巡馴"
"suen3","損䐣簨榫笋筍","損筍笋"
"suen4","遜巽潠","遜"
"süen4","侚殉馴","殉馴"
"suo1","唆梭桫沙𢘿莎莏蓑䤬鮻","梭蓑"
"suo3","所瑣褨䝪鎖䵀","所鎖瑣"
"ta5","沓呾踏獺蹋嗒嚃塌塔㧺搨撻㭼榻毾汏涾漯澾狧䈳羍𦑶𦧟𦪙䓠𦶑誻譶䜚讋𨃚蹹達遝遢錔闒闟闥鞜鞳𩣯鰨䵬䶀龖搭","搭塔搨塌榻踏獺"
"tai1","駘胎台","台胎"
"tai2","台抬擡枱檯炱箈籉臺苔儓菭薹跆邰鮐","台臺擡枱檯抬苔"
"tai4","㘆太忕忲態汰泰","太汰泰態"
"tan1","灘嘽嘾坍探㨏攤𣵢痑癱瞫貪怹","探貪灘攤"
"tan2","蕁壜彈曇檀壇潭燂痰惔𥰨罎藫覃橝談𧽼郯𨝸錟驙鷤倓","談痰覃潭壇檀彈"
"tan3","儃啿嗿嚪坦坫忐䏙毯潬窞𥨎𦃖菼賧醓袒","毯坦袒忐"
"tan4","傝憛禫撢㶒炭袒撣歎䊤䗊探嘆","探炭歎嘆"
"tang1","薚蝪鏜湯鐋鞺","湯"
"tang2","傏唐嵣堂摚塘搪棠榶煻𤚫瑭磄篖糖膛螗螳鎕闛餹鶶","堂棠螳唐塘糖"
"tang3","倘偒㒉帑惝曭淌爣矘儻𣎲踼躺","倘躺"
"tau1","叨夲幍弢槄慆挑滔搯洮瑫絛綢䑬謟䬞饕","叨搯滔"
"tau2","濤幬燾檮咷匋啕掏桃淘溏綯萄蜪裪逃醄陶鞀𩋃騊鼗","逃桃萄淘掏陶濤"
"tau4","套𡘷翿","套"
"te5","忒忑慝特螣蟘貣鋱","特忒忑"
"teng2","㤏滕疼縢藤𧈜螣謄騰鰧籐","疼滕藤籐騰謄"
"teu1","偷媮鍮","偷"
"teu2","亠㓱㢏牏投緰褕頭骰","頭投"
"teu4","透襡","透"
"ti1","梯焍磃罤𨁃鷉","梯"
"ti2","啼嗁㡗折媞提踶桋瑅稊綈荑𧋘蝭褆蹄蹏遆銻鍉䨑䬾騠鮧䱱鴺鶗隄堤題","提隄堤題蹄啼"
"ti3","涕體体","體体涕"
"ti4","剃締遰嚏屜𡲕嵽悌慸揥替洟珶𤴡𧝐𧫚达逮鬀鯷䶑涕","替嚏剃涕"
"ti5","倜俶惕擿𥉈籊趯踢逖逷剔𩮜","踢剔"
"tiau1","庣挑恌𣂀𣂥祧蓧蓨銚","挑"
"tiau2","岧嬥條桯笤芀䖺蜩調迢鞗髫鰷齠佻跳条","条條調"
"tiau3","朓眺誂䠷","眺"
"tiau4","窕糶頫跳","跳"
"tiê5","屟僣帖緳怗臷蛈貼跕鉄銕鐵驖䴴","鐵鉄貼帖"
"tiên1","天吞搷沾添𦧝酟","天添"
"tiên2","填滇恬沺湉甜田畋盷𦧴菾𧰊𨌈顚鷆鈿","田鈿甜填"
"tiên3","娗㥏殄淟琠紾腆蚕靦餂忝㮇䑛舐","䑛舐忝"
"tiên4","沴瑱忝","忝"
"ting1","聽廳汀朾綎𦀚艼䩠听町","聽听廳汀町"
"ting2","亭停婷楟渟廷庭娗㹶筳聤蝏鼮霆蜓","亭停廷庭霆蜓"
"ting3","挺侹珽鋌𩹇町艇","挺艇町"
"ting4","涏梃艇頲聽听","聽听艇"
"to1","佗它池拕詑拖涶牠","牠拖"
"to2","沱紽䍫跎酡陀駝鮀鴕鼉沲㐌㸰𧕦迱鼧馱","駝馱陀鴕"
"to5","侂厒托拓柝橐籜蘀託跅飥馲魄","托託"
"tong1","侗俑恫炵痌𧳆通","通"
"tong2","筒畽桐仝曈峒佟僮同㢥彤𢥞朣橦氃浵潼犝獞童筩𦏆𦨴銅䳋䴀㒰衕瞳","同㒰仝桐銅筒衕童僮瞳筩"
"tong3","捅桶統","桶統"
"tong4","統慟痛衕","痛衕統"
"tu2","啚圖塗㻌屠嵞廜徒捈梌涂瘏䅷筡荼蒤跿途䣄酴駼鵌鷵","圖途塗徒屠"
"tu3","土吐釷","土吐"
"tu4","菟兔堍鵵吐兎","吐兔兎"
"tu5","凸突梲怢揬秃腯葖䛢鈯鵚鼵禿","禿凸突"
"tuan2","團慱摶敦槫漙篿糰蓴鱄鷒鷻","團糰"
"tuêi1","推焞㷟藬僓","推"
"tuêi3","㞂㟎㾼脮腿","腿"
"tuêi4","凷稅退","退"
"tuen1","吞暾涒焞窀𧑒迍𪏆","吞"
"tuen2","屯啍庉忳敦燉臀芚豚軘飩","屯飩豚臀"
"tuen4","褪沌囤坉伅炖","褪"
"tuo3","妥橢媠㟎袉鋖","妥橢"
"tuo4","唾嫷毻隋","唾"
"tuo5","侻庹挩沰矺脫袥魠","脫"
"u1","嗚圬摀於汙杇歍汚洿烏窏鎢鴮瑦污","烏嗚污汙"
"ü1","淤毹紆迂陓","迂"
"u2","唔峿浯㻍䓊洖吾郚鼯吳蜈巫莁誣毋無蕪无吴梧","吳吴無蕪吾梧巫毋蜈"
"ü2","予禺歟㥚揄隅楰齵渝喁娛愉嵎愚漁䁩澞狳虞衙鋙齬魚䱷俞于伃余兪唹圩堬妤懙於旟杅榆歈汙㳛𤚎玗瑜璵㼶畬盂盓睮窬竽箊羭腴臾舁艅𦩞萸萮蕍蜍蝓螸褕謣踰逾邘釪鍝𨵦雓餘騟骬䳜𪃍鸆迂輿譽楡","魚漁于迂盂余隅愚予歟輿譽臾餘愉榆楡虞娛於"
"u3","瑦五伍午仵侮嫵潕舞武碔鵡㦍玝旿橆蘁迕鋘牾遻撫","五伍武鵡撫舞午侮"
"ü3","羽雨與瘉嶼㦛俁圄圉𢮁敔籞蘌語麌偊傴噢宇庾愈斞楀瑀瘐癒祤禹窳萭貐𧾚𪇬鸒","雨羽與語宇禹麌"
"u4","惡寤悟梧晤悞誤務婺霧騖鶩塢捂敄逜忤戊汙污","務霧戊誤悟晤寤汙污惡"
"ü4","瘀嫗𠕦遇寓御禦馭悆棜淢澦礜籲緎芋蓲蕷裕諭喻豫閼預飫饇𪋮悇與愉譽娛愈隅","遇寓與御禦預裕愉諭譽豫娛愈隅"
"u5","兀剭卼扤杌矹阢勿物屋沃鋈𩑦䬑","屋物勿沃"
"ü5","欲𤞞煜燠棫僪儥喅噊域尉峪彧慾昱栯欝毓浴淯潏澳灪熨獄獝玉琙鳿矞砡繘罭聿育䐿茟蒮蔚薁蘛𧑐谷遹郁鋊錥鐍閾霱驈鬱鬻魊鱊鴪䳑鵒𪂉鷸黦","玉欲慾浴育獄尉熨域鬱"
"ua1","哇娃洼媧汙漥搲瀤畖碨窪䨟鮭鼃蛙","蛙娃哇窪漥媧"
"ua3","瓦婐䠚邷","瓦"
"ua5","捾嗢襪韤嗗挖穵膃","挖襪"
"uai1","崴歪","歪"
"uan1","嬽剜婠帵彎灣䘎豌潫","彎灣豌剜"
"üan1","冤㠾弲𢏮悁惌淵㾓蜵鴛鵷鼘","冤淵鴛"
"uan2","完捖梡莞沅刓頑岏园丸汍芄羱𤸷紈雈豲","完頑丸"
"üan2","媛湲援垣洹元杬盶芫蚖邧阮黿原源厵嫄榞螈𧔞騵邍員園圓圜楥榬櫞爰猨猿萲蝝袁褑𧻚鳶鶢緣轅鉛","元黿原源員圓園袁緣猿轅垣鳶媛援鉛"
"uan3","宛涴娩晚妴婉晥椀琬盌碗踠魭畹挽輓","宛碗晚挽輓娩"
"uan4","万萬蔓忨玩翫輐𪫻惋捥腕畹卍","腕玩萬万卍"
"üan4","怨愿謜願噮抁掾瑗院䬼媛援","怨院願媛援"
"uang1","尢尪汪","汪"
"uang2","王亡忘蚟","王亡忘"
"uang3","网罔惘網魍往慃暀枉𣵭㳹瀇𪱣","往枉罔網惘"
"uang4","妄忘朢望旺迋","望旺妄忘"
"üê5","月刖抈跀噦軏妜悅戉抉曰樾粤䋐𦤙𧊎𧑅越鉞閱粵","月曰越閱悅粵"
"uen1","㬈溫瑥瘟縕蕰豱𨜵","溫瘟"
"üen1","奫煴氳涒熉縕蒀贇馧","氳"
"uen2","文蚊雯聞蟁㑮梱紋","文蚊紋聞"
"üen2","云沄勻員妘橒澐玧筠紜縜耘耺芸荺蕓雲畇","云雲耘勻"
"uen3","抆刎吻笏䐇抆穩","穩吻刎"
"üen3","喗齳夽抎允惲愪殞溳狁磒蘊𧉃鈗霣韞","允"
"uen4","問紊絻顐搵䭡聞","紊聞問"
"üen4","孕緷蕰䚋運鄆䩵韗餫𪝑暈韵韻隕慍熨","韵韻隕暈運孕慍熨"
"uo1","倭涹渦濄㹻窩萵踒","窩萵"
"uo4","臥涴","臥"
"uo5","喔握偓幄斡楃榅殟淴渥䀑矆䪝齷","握齷"
"vêi2","微薇溦","微薇"
"vêi3","亹尾娓浘䞔","尾"
"vêi4","未味𥧙䊊","未味"
"xi1","俙欷傒娭僖嬉咦嘻屎巇希桸悕晞㬢橀𣟵熙熹犧眭睎禧稀𦋅羲莃誒譆貕𨏳酅醯騱黊𪓷唏","嘻犧稀希唏嬉熙"
"xi2","兮徯奚榽㜎巂攜畦豀蹊雟驨鼷","兮奚攜"
"xi3","唏蓰匸喜㰥漇蟢蹝","喜"
"xi4","戲係咥㕧屣呬嚱㚛妎屓屭怬愾𢟪憙檕忥熂䀈禊系擊蔇蘻豷餼黖繫","戲係系繫"
"xi5","㒆歙吸㘊𢙅𢢞扱檄欯㱇潝𥈜𥍠綌翕翖脅莔薂虩衋覡𧬈闟隙鬩赥鼳","吸隙"
"xia1","呀㗇瘕磍煆蝦","蝦"
"xia2","瑕碬谺赮遐蕸鍜霞䪗颬騢","霞"
"xia4","下夏厦唬嚇廈暇獬罅閜","下夏暇嚇"
"xia5","匣呷峽𢘉柙㭘洽舝狎狹瞎硤祫螛轄鎋陿霅魻黠䶎俠","匣狎俠峽狹洽瞎黠"
"xiai2","諧鞋鮭鞵膎","鞋諧"
"xiai3","嶰澥駴蟹","蟹"
"xiai4","蟹齘械㒠瀣䪥解懈邂䚸絯骱","械"
"xiang1","肛膷舡薌銗香鄉","香鄉"
"xiang2","降栙䜶跭","降"
"xiang3","享向嚮響饗","響嚮饗享"
"xiang4","餉曏巷衖項𢛖晌珦蠰䣈向嚮饗","巷向嚮餉項饗"
"xiau1","呺哮嘐歊嘄嘵囂嚻庨枵梟毊涍烋熇㺒獟獢窙虈虓蟂詨髇髐𪁉鴞","鴞囂"
"xiau2","倄姣崤殽洨淆爻猇筊絞肴𦺔䬘餚","肴"
"xiau3","㩭曉嘵","曉嘵"
"xiau4","嗃傚効嬈孝恔效斆校澩㵿","效効傚校孝"
"xiê5","俠挾猲劦勰協叶嗋奊㛍娎恊愶拹𢴲擷歇𣣲歙𣧵𤢺絜綊纈脅脇蠍裌襭覈𨁂頡蝎","歇蝎蠍俠挾叶協脅"
"xiên1","嘕忺掀杴㾾祆羴馦鶱軒","軒掀"
"xiên2","咸憪嫌嫺㡉弦𢛆嗛慊椷痃癎瞯絃胘舷𦱁蚿蛝誸諴賢銜閑閒𩦂鷴鹹麙啣","咸鹹嫌賢弦舷絃啣銜閑閒"
"xiên3","獫幰攇灦玁諗䥪險韅顯","險顯"
"xiên4","憲俔僴峴𢵧㺌槏涀獻現㽉睍縣見誢豏𧾨輤鋧錎䦘限陷𩎌餡骭晛莧献","現見莧限縣憲餡豏陷献獻"
"xieu1","休咻庥烋貅飍髤髹鵂","休"
"xieu4","嗅嘼溴臭螑齅","臭嗅"
"xin1","忻廞昕欣歆炘訢","欣"
"xin4","焮衅釁","釁"
"xing1","興馨","馨興"
"xing2","行侀刑娙型𡷨形硎蛵邢邢鉶鈃鋞陘䪫","行形刑型"
"xing4","㓑倖悻幸杏涬䁄荇行興","行杏幸倖興"
"xio5","學确觳鷽嶨澩礐觷","學"
"xio5","𧮞","學"
"xiong1","兄凶兇匈洶恟胷胸訩𧵣","兄凶兇匈胸"
"xü1","姁吁冔喣噓墟𢖳旴欨歔盱芋嘔蓲虚謳驉魖虛","虛吁噓"
"xü3","咻栩珝許詡鄦","許"
"xü5","侐洫殈㗵慉勖搐旭欻㷦獝畜盢瞲稸朐䙒䛙頊㤜蓄","畜蓄旭"
"xüan1","懁獧咺儇喧嬛暄晅楥獯翾萱蘐譞","喧萱"
"xüan2","懸暖澴玄鋗","玄懸"
"xüan4","楦琄炫玹眩矎絢贙衒袨讂贙鉉泫","眩"
"xüê5","穴吷泬烕狘瞲䆷䎀血鞾䬂","血穴"
"xüen1","壎勳曛焄煇熏燻纁臐薰醺勛","薰勳勛"
"z1","吱咨姿孳孜嵫緇淄菑椔輜錙𨝳滋澬玆甾䆅粢茲䖪蟕𧕓諮貲資鄑鎡頿髭鯔鰦鶅齍𪗋","滋茲資"
"z3","㧗仔𠂔姊呰啙子杍梓滓秭籽紫胏茈虸鋅飺𩨱𩶆","子紫姊"
"z4","倳剚字恣扻㧘㰣漬牸𤿙積𦎸胾自𧙁𧧕","字自"
"za5","匝𠯗唼帀噆㦫𡾃𢹼砸磼紮襍鉔雜雥䨿紥","紥雜砸"
"zai1","哉渽災灾烖栽","災栽哉"
"zai3","宰崽䏁囝載","宰囝載"
"zai4","在載再","在再載"
"zan1","簪撍鐕","簪"
"zan4","㔆囋㜺暫篸讃賛蹔𩟪瓚贊讚","暫贊讚"
"zang1","戕牂臧贓髒","臧贓髒"
"zang4","藏奘奘臟葬","藏臟葬"
"zau1","慒㷮糟遭蹧","糟遭"
"zau3","早棗澡璅璪繅藻蚤𧎮𨎮䲃","早棗澡蚤"
"zau4","造唣皁皂竈趮躁灶","造皁皂躁竈灶"
"ze5","則側崱稄仄庂昃㳁嘖幘窄蠌襗鸅則咋唶柞笮簀萴蚱蠈責賊鰂鱡謮𧐐鰿諎皟岝","則側責嘖賊窄仄昃"
"zeng1","增憎噌曾潧橧矰磳罾䎖鄫騬","曾增憎"
"zeng4","掙甑䙢贈䰝𪒟","贈"
"zeu4","奏族楱㔌","奏"
"zh1","之祗卮搘支㩼枝栀榰氏知硃秖肢胝脂芝蜘衼衹跂鳷鼅","知枝支肢之芝脂蜘"
"zh3","畤只氐厎傂咫址坻夂帋徵扺抵指旨枳栺止沚㨖𣲵洔滍疻砋砥紙䋾芷訨趾軹阯䳅𪑜黹","止趾址旨指紙只徵"
"zh4","埴猘仕𠊷制埃寘峙幟庤彘志忮懥懫摯智杝歭治廌䚦值識淛滯熾狾璏𤴡痔痓痣㿃稚稺穉糦緻置至致製䚳誌贄跱蹛輊遲𨛅鋕䦯阤雉饎駤騺䱥䲀鷙","治智制製志痣痔誌滯稚稺至致熾置寘"
"zh5","炙植慹侄姪晣劕厔執墌帙庢挃摭擲擿晊柣桎楖樴櫍殖湜汁漐瀄犆瓆瓡直秩𥣮窒紩縶翐職䐈膱臷蘵蟄螲蟙袠譶跖蹠躑鉄銍鑕陟隻馽騭𪐏值質織","直值植殖姪執汁質擲職織蟄秩隻炙"
"zha1","抯𠭯㪥查柤樝渣𣻐㶆㸙皻𥞒𥡧𥹁𦘴蔖諸齇䶥溠","渣"
"zha4","乍奓榨咤炸砟䄍䆛蜡詐醡蔗","乍炸詐榨蔗"
"zha5","𠗨哳㞚扎擖札栅柵㴙𤁳煠牐眨劄蚻鍘䥷閘鰈炸","炸扎札閘"
"zhai1","嚌齋","齋"
"zhai4","媞寨祭債","債寨"
"zhan1","占沾覘噡旃旜栴氈瞻笘詀詹讝𧾍霑饘驙鸇毡","占沾毡氈瞻"
"zhan3","展斬琖皽盞𦗢蹍輾醆颭𪉜","展斬盞"
"zhan4","佔偡戰湛站綻蘸𧸖轏顫𩥇棧占","占站佔戰棧顫綻"
"zhang1","張傽嫜彰𢕔慞樟漳璋章粻鄣餦麞","張章樟璋彰"
"zhang3","仉掌長","掌長"
"zhang4","丈杖仗嶂帳瘴障脹漲䛫賬瘬","丈仗杖賬漲脹帳障瘬"
"zhau1","招昭朝𥲀罺𦗔釗鉊抓","招昭抓朝"
"zhau3","叉找沼炤爪瑵抓","找爪抓"
"zhau4","兆召垗肁㨄旐棹櫂洮照狣瞾箌𦋇䍮肇肈詔趙鮡","召詔照兆趙肇"
"zhê1","遮諸","遮"
"zhê3","堵者褚赭","者"
"zhê4","這柘蔗䗪鷓","這蔗"
"zhe5","宅擇澤磔翟摘謫讁賾馲齚䶦矺礋籷折浙哲摺窄炙蟄","宅窄擇澤炙蟄摘折浙哲摺"
"zhen1","侲桭唇㘰斟揕𣓀椹楨填榛溱滇瀙珍瑊㻸眞砧碪㱽禛箴籈臻葴蓁薽轃針鍼鎭鱣鱵𪈁甄真","斟臻榛珍真針"
"zhen3","屒戡抌畛枕抮槇疹眈眕紾𧤛軫䫬駗鬒朕診","朕枕疹診"
"zhen4","帪振挋瑱瘎䀕眹䅾紖譖酖陣震鴆䳲椹診賑鎮朕","振椹診賑鎮震陣朕"
"zheng1","丁佂崢猙幀征徵怔湞爭玎癥眐睜禎䆸竲䇰箏䋊綪䋫𦙫𦱊烝蒸貞鉦鬇䱢鴊偵媜錚正","正征爭箏睜貞偵徵蒸"
"zheng3","拯整盯㬹𨋬","整拯"
"zheng4","正倀徎政症䈣証諍證鄭","正症政倀証證鄭"
"zheu1","侜媰周椆㖄𪠾喌婤州掫棸洲盩舟䑼菆調謅譸賙輈輖週郰鄒棷鄹𩋰騶𩶣黀齱啁","州洲周週鄒舟"
"zheu3","帚扭箒肘䖞𧳜鯞","肘帚"
"zheu4","咮伷疛㑳僽胄咒宙怞晝甃皺籀紂縐𦅸胄𧛸酎","宙胄晝縐皺咒"
"zho5","著焯妁勺斫灼箸酌着","著着酌勺斫"
"zhong1","中妐彸忠忪橦盅童幒䈺籦終蔠螽𧑆鍾鐘𩅉鼨衷","中忠盅衷終鐘鍾"
"zhong3","種冢喠腫塚","種腫"
"zhong4","重尰瘇縱仲㓽𢝆𣀒茽𩿀眾衆種中","重仲眾衆種中"
"zhu1","侏咮朱株櫫櫧瀦猪珠䃴藷蛛蠩袾誅諸豬跦邾鴸鼄","朱珠株誅蛛諸猪豬"
"zhu3","丶主宁拄枓泞渚煮眝竚羜䘢貯䰞麈𪐴","主煮"
"zhu4","著佇柱炷住助杼注箸紵翥苧蛀註䛆䝒跓軴鉒鑄䪒馵駐麆誅","住注註柱蛀駐著箸助鑄誅"
"zhu5","祝劚𠭴囑妯屬𡻬斸术柚柷欘灟燭爥瘃矚竹竺筑築粥舳茿䕽蚰䙱躅軸逐蓫鱁齱属","竹竺逐燭粥祝筑築軸屬属囑"
"zhua1","撾檛髽抓","抓"
"zhua3","𠆣爪","爪"
"zhuai4","聉跩拽","拽"
"zhuan1","塼剸專甎磚篿蟤輲顓","專甎磚"
"zhuan3","轉孨竱","轉"
"zhuan4","囀瑑堟𢮨摶沌篆䉵縳腨𦠆撰襈譔賺僎歂轉傳","轉傳賺撰篆"
"zhuang1","妝庄樁粧莊裝椿","裝莊妝粧椿"
"zhuang4","壯狀戇撞","撞壯狀"
"zhuêi1","椎萑追錐隹䨨騅魋鵻","追錐"
"zhuêi4","墜槌惴硾縋膇贅錣𨪗甀","贅墜"
"zhuen1","屯肫淳諄","屯諄"
"zhuen3","准埻隼準","准準"
"zhuo5","倬卓啅啄涿彴㤕惙輟拙捉斮㧻擢斲桌梲棹椓棳槕櫂櫡汋泏準畷濁濯灂炤犳琢禚穛穱篧絀繳菿蝃諑𧨳踔輟逫醊鋜鐲鷟鸐錣","捉卓桌棹濁鐲濯琢拙"
"zi1","櫅虀躋齏劑","劑"
"zi3","泲擠","擠"
"zi4","嚌濟漈祭穄穧際隮霽鱭齊齌劑薺","際祭劑霽薺濟"
"zi5","庴𡧯嫉堲績戢霵蕺𥊬𡅺𧤏勣唧卽㗱㘉塉寂㠍揖摡槉㮨檝䯂㲺湒濈㹄猎畟疾瘠稷籍耤脊膌藉襀𨁯蹐蹟輯迹集鰿鶺積即跡緝","績積即卽集寂跡迹疾脊瘠緝輯稷嫉籍唧"
"ziang1","漿螿將","將漿"
"ziang3","奬槳獎䉃蔣將","蔣將獎槳"
"ziang4","將匠醬","將醬匠"
"ziau1","嶕噍椒焦僬礁膲蕉蟭鐎鷦𪚰","蕉礁焦椒"
"ziau3","剿湫勦","勦"
"ziê4","借唶藉褯","借藉"
"ziê5","接捷倢卩啑婕岊㠎嶻截𢧵㫸椄楫楶櫛浹𣶏疌癤睫𥓐䈉節菨莭蠽誱踕躤","節接捷睫截楫"
"ziên1","煎熸尖戔椾𣚙𣝕殲湛瀸牋箋纖鑯𨶲韉濺漸","尖煎箋濺漸"
"ziên3","帴戩劗揃翦譾剪餞踐","剪餞踐"
"ziên4","俴潛𡄑㣤榗濺洊牮𥕌漸箭臶荐葥薦栫螹袸賤踐鏩䭕魙僭餞","箭漸薦僭賤濺餞踐"
"zieu1","啾噍揫湫遒𩏷揪","啾揪揫"
"zieu4","僦就","就"
"zin1","兓寖津璡𩀿𩤿","津"
"zin3","儘𡩻㯸𣽧㿊䤐","儘"
"zin4","晉濜賮嚍搢燼瑨璶縉藎贐進浸盡","盡燼晉浸進"
"zing1","睛青旌晶氏箐聙靑𪂴鼱精蜻","精蜻睛晶旌"
"zing3","井𨙷阱","井阱"
"zing4","汫淨竫靖靜净凈","净凈淨靜靖"
"zio5","嚼㬭爝爵穱","爵嚼"
"zo4","佐做","做佐"
"zo5","作岝拶怍柞笮筰莋酢","作"
"zong1","倧𡒇宗㚇嵏𢣌慒椶猣稯緫艐葼蝬豵蹤鍐騣鬃鬉踪縱","宗椶蹤踪縱"
"zong3","總偬熜摠䁓𥡥蓯䙕傯","總"
"zong4","綜從瘲粽糉䝋糭縱","粽糉糭縱從"
"zu1","菹柤租","租"
"zu3","祖俎齟跙組蔖阻靻跙","祖阻組"
"zü4","聚冣埾耝足","聚"
"zu5","卒倅傶哫捽族椊足踤鏃胙","足卒族"
"zuan1","鑚攢鑽巑𣀹穳菆攅","攅鑽鑚"
"zuan3","纂纘籫鄼躦","躦纂"
"züê5","絶絕","絕"
"zuêi3","嘴嶊嶉㭰觜","嘴"
"zuêi4","晬最琗綷罪蕞辠醉檇","最罪醉"
"zuen1","蹲僎嶟尊樽繜罇遵","尊遵樽"
"züen1","竣踆逡","竣"
"züen4","俊浚儁㑺焌峻晙梭濬畯睃葰餕駿鵔𪕞雋","俊峻"
"zuo5","鑿㘀岝昨柮㸲砟𥽦䋏繓䎰","昨鑿"
